ACER,,
"Acer Swift 14 AI - Copilot+ PC (A14-52MT-94H5) 14"" FULLHD+ TOUCHSCREEN LAPTOP STEEL GRAY",USD 1.350,STK
"Processor: Intel® Core™ Ultra 9 processor 288V (Up to 48 NPU TOPS - Up to 67 GPU TOPS), Memory: 32GB LPDDR5X Onboard , Storage: 1TB PCIe Gen 4 Solid State Drive, Video Card: Intel® ARC™ 140V Graphics, Display:14"" Multi-Touch Display with IPS (In-Plane Switching) Technology, WUXGA 1920 x 1200, 100% sRGB, High Brightness (400nits) Acer ComfyView™ LED-backlit TFT LCD (16:10 Aspect Ratio), Wi-Fi 6E with 2.4GHz, 5GHz and 5GHz Bands and Bluetooth® 5.3",,
"Windows 11 Home x 64 bits, preinstalado.
 Peso 1,50Kg. - FHD IR Webcam (1920 x 1080) with Blue Glass supporting 1080p video",,
"ACER SWIFT 16 AI (SF16-71T-70PN) 16"" 3K OLED TOUCHSCREEN LAPTOP BASALT GRAY [Pad Numérico]",USD 1.550,STK
"Processor: Intel® Core™ Ultra X7 358H (Series 3 / Panther Lake), Memory: 16GB LPDDR5X-7467MHz RAM, Storage: 1 TB PCIe 4.0 NVMe SSD, Video Card: Intel Arc B390 Integrated, Display: 16"" 3K OLED Touchscreen, 2880 × 1800, 120 Hz, 340 nits, 100% DCI-P3, VESA DisplayHDR True Black 500, Wi-Fi 7 + Bluetooth.",,
"Windows 11 Home x 64 bits, preinstalado.
 Peso 1,37 Kg. - 5 megapixels 1800p (2.8K) Built-In Microphone",,
"ACER SWIFT GO (SFG16-I71T-79Q6) 16"" OLED FULL HD TOUCHSCREEN LAPTOP VAPOR SILVER (Pad Numérico)",USD 1.550,STK
"Processor: 2.3 gigahertz Intel Core Ultra 7 355 (8-core), Memory: 32GB LPDDR5X RAM, Storage: 1TB SSD, Video Card: Intel Graphics, Display: 16"" 1920 x 1200 (WUXGA) TouchScreen Brightness 250 nits, Wi-Fi 7, Bluetooth",,
"Windows 11 Home x 64 bits, preinstalado.
 Peso 1,37 Kg. - 5 megapixels 1800p (2.8K) Built-In Microphone",,
"ACER SWIFT GO (SFG16-A71T-R87F) 16"" WUXGA TOUCHSCREEN LAPTOP OBSIDIAN BLACK [Pad Numérico]",USD 1.550,CONS
"Processor: 2 gigahertz AMD Ryzen AI 465 Series (10-core), Memory: 32GB LPDDR5X RAM, Storage: 1TB SSD, Video Card: AMD Radeon 880M, Display: 16"" LCD 1920 x 1200 (WUXGA) Touchscreen Anti-glare 120Hz Brightness: 350 nits, Wi-Fi 7, Bluetooth",,
"Windows 11 Home x 64 bits, preinstalado.
 Peso 1,60 Kg. - 5 megapixels 1800p (2.8K) Built-In Microphone",,
"ACER ASPIRE (A16-52MT-91B0) 16"" FULL HD TOUCHSCREEN LAPTOP STEEL GRAY (Pad Numérico)",USD 1.450,STK
"Processor: Intel® Core™ Ultra 9 288V (Up to 48 NPU TOPs), Memory: 32GB LPDDR5X RAM. Storage: 1TB PCIe Gen 4 Solid State Drive and microSD™ Card Reader , Video Card: Intel® ARC™ 140V Graphics, Display: 16"" Multi-Touch IPS Touchscreen, WUXGA (1920 x 1200) 12Hz Refresh Rate, 100% sRGB, and 350 Nits Brightness, Intel® Wi-Fi 7 that supports dual-stream Wi-Fi in the 2.4GHz, 5GHz and 6GHz bands, including 2x2 MIMO Technology, Bluetooth 5.4",,
"Windows 11 Home x 64 bits, preinstalado.
 Peso 1,45Kg. - FHD IR Webcam (1920 x 1080) with Blue Glass Windows Hello, Temporal Noise Reduction & Privacy Shutter",,
ASUS,,
"ASUS ZENBOOK DUO DUAL (UX8407AA-DS99T) 14"" 3K OLED TOUCHSCREEN LAPTOP MOHER GRAY",USD 3.500,STK
"Processor: 2.1 gigahertz Intel Core Ultra 9 Series 386H up 4.9 gigahertz (16-core), Memory: 32GB LPDDR5X 8533 megahertz RAM, Storage: 1TB PCIe® G4 Solid State Drive, Video Card: Intel® Arc™ Integrated Graphics, Display: 14'' Dual OLED WQXGA+ (2880x1800) Touch 144Hz refresh rate; 16:10 aspect ratio; Bend+500nits (HDR 1000nits), Wi-Fi 7 + Bluetooth® 5.4",,
"Windows 11 Home x 64 bits, preinstalado.
 Peso 1,28Kg. - 1080p. Camera with IR Function to Support Windows Hello",,
"ASUS ZENBOOK DUO (UX8407AA-PSX9T) 14"" 3K OLED DUAL TOUCHSCREEN LAPTOP 144HZ BLACK",USD 3.500,STK
"Processor: 2.1 GHz Intel® Core™ Ultra X9 388H 2.1 GHz (18MB Cache, up to 5.1 GHz, 16 cores, 16 Threads), Memory: 32GB LPDDR5X RAM, Storage: 1TB PCIe® G4 Solid State Drive, Video Card: Intel® Arc™ Graphics, Display: 14'' Dual OLED WQXGA+ (2880x1800) Touch 144Hz refresh rate; 16:10 aspect ratio; Bend+500nits (HDR 1000nits), Wi-Fi 7(802.11be) (Tri-band) 2*2 + Bluetooth® 5.4",,
"Windows 11 Home x 64 bits, preinstalado.
 Peso 1,28Kg. - 1080p. Camera with IR Function to Support Windows Hello",,
"ASUS ZENBOOK 14 (UM3405GA-ZB70) 14"" 2K OLED TOUCHSCREEN LAPTOP JASPER GRAY",USD 1.550,ING
"Processor: 2 gigahertz AMD Ryzen AI Ryzen AI 9 465 (10-core), Memory: 16GB LPDDR5X 7500 megahertz RAM, Storage: 512GB PCIe® Gen 4 Solid State Drive, Video Card: AMD Radeon Integrated, Display: 14"" OLED (1920x1200) WUXGA Touscreen 60Hz 500 nits, AX Wi-Fi 6E, Bluetooth",,
"Windows 11 Home x 64 bits, preinstalado.
 Peso 1,28Kg. - 1080p. Camera with IR Function to Support Windows Hello",,
"ASUS ZENBOOK A14 (UX3407QA-X1P512) 14"" 2K OLED LAPTOP ZABRISKIE BEIGE",USD 1.250,STK
"Processor: 3.4 gigahertz Snapdragon X Plus X1P 42 100 (8-core), Memory: 16GB LPDDR5X 8533 megahertz RAM, Storage: 512GB SSD, Video: Integrated Snapdragon Qualcomm Adreno, Display: 14"" Full HD+ (1920 x 1200) OLED Refresh Rate 60Hz, Wi-Fi 6E, Bluetooth",,
"Windows 11 Home x 64 bits, preinstalado.
 Peso 1,28Kg. - 1080p. Camera with IR Function to Support Windows Hello",,
"ASUS Vivobook (TP3407SA-IS74T) 14"" 2K OLED FLIP TOUCHSCREEN LAPTOP 2-IN-1 GRAY",USD 1.350,STK
"Processor: Intel® Core™ Ultra 7 Processor 256V 16GB 2.2 GHz (12MB Cache, up to 4.8 GHz, 8 cores, 8 Threads), Memory: 16GB LPDDR5X RAM, Storage: 1TB PCIE G4 Solid State Drive, Video Card: Intel® Arc™ Graphics, Display: 14"" OLED WUXGA (1920Xx1200) Touch, 16:10, 60Hz refresh rate, Bend +300 nits, Wi-Fi 7(802.11be) (Tri-band)2*2 + Bluetooth® 5.4 Wireless Card",,
"Windows 11 Home x 64 bits, preinstalado.
 Peso 1,57Kg. - FHD camera with IR function to support Windows Hello w/ privacy shutter",,
"ASUS ZENBOOK S 14 (UX5406SA-S14.U732G1T) 14"" 3K OLED TOUCHSCREEN LAPTOP ZUMAIA GRAY",USD 1.950,STK
"Processor: 1.6 gigahertz Intel Core Ultra 7 Series 258V (8-core), Memory: 32GB LPDDR5X 8533 megahertz RAM, Storage: 1TB M.2 NVMe™ PCIe® 4.0 SSD, Video Card: Intel® Arc™ Graphics, Display: 14"" 3K (2880 x 1800) Oled Touchscreen Refresh Rate: 120Hz, Wi-Fi 7, Bluetooth",,
"Windows 11 Home x 64 bits, preinstalado.
 Peso 1,28Kg. - 1080p. Camera with IR Function to Support Windows Hello",,
"ASUS ZENBOOK S 14 (UX5406AA-ZB/S1490) 14"" 3 OLED TOUCHSCREEN LAPTOP SCANDINAVIAN WHITE",USD 2.400,STK
"Processor: 2.1 gigahertz Intel Core Ultra 9 386H up to 4.9 gigahertz (16-core), Memory: 32GB LPDDR5X 8533 megahertz RAM, Storage: 1TB PCIe® G4 Solid State Drive, Video Card: Intel Graphics Integrated, Display: 14"" OLED (2880 x 1800) Touch Screen Refresh Rate: 120Hz, Brightness: 1100 nits, Wi-Fi 7 Bluetooth",,
"Windows 11 Home x 64 bits, preinstalado.
 Peso 1,30Kg. - 1080p. Camera with IR Function to Support Windows Hello",,
"ASUS VIVOBOOK (F1504VAP-IH79T) 15.6"" FULL HD NOTEBOOK SILVER [Pad Numérico]",USD 1.150,STK
"Processor: Intel® Core™ 7 Processor 150U 1.8 GHz (12MB Cache, up to 5.4 GHz, 10 cores, 12 Threads), Memory: 16GB DDR4 RAM, Storage: 1TB PCIE G4 SSD, Video Card: Intel® Graphics, Display: Full HD (1920*1080) 16:9 aspect ratio; 60Hz refresh rate; 250nits, Wi-Fi 6(802.11ax) (Dual band) 1*1 + Bluetooth® 5.2",,
"Windows 11 Home x 64 bits, preinstalado.
 Peso 1,90Kg. - Front: 720p HD camera with privacy shutter Sonic Master built-in array microphone and speakers",,
"ASUS VIVOBOOK S 16 FLIP (TP3607SA-IS77T) 16"" FULL HD OLED TOUCHSCREEN GRAY [Pad Numérico]",USD 1.750,STK
"Processor: 2.2 GHz Intel® Core™ Ultra 7 258V (12MB Cache, up to 4.8 GHz, 8 cores, 8 Threads), Memory: 32GB LPDDR5X RAM , Storage: 1TB PCIE G4 Solid State Drive, Video Card:Intel® Arc™ Graphics, Display:`16"" OLED WUXGA (1920x1200) Touch, 16:10, 60Hz refresh rate, Bend+300nits, Wi-Fi 7(802.11be) (Tri-band)2*2 + Bluetooth® 5.4 Wireless Card",,
"Windows 11 Home x 64 bits, preinstalado.
 Peso 1,90Kg. - 1080p Full HD IR camera w/ privacy shutter Built-in array microphone and speaker",,
"ASUS VIVOBOOK S 16 (M3607GA-IS99T) 16"" FULLHD TOUCH PANEL NOTEBOOK SILVER [Pad Numérico]",USD 1.900,STK
"Processor: AMD Ryzen™ AI 9 465 Processor 2.0GHz (10-core), Memory: 32GB DDR5 SO-DIMM, Storage: 1TB PCIe® G4 Solid State Drive, Video Card: AMD Radeon™ Graphics, Display: 16'' WUXGA (1920x1200) 16:10, 400nits, 120Hz refresh rate, Touch panel, Wi-Fi 6(802.11ax) (Dual band) 2*2 + Bluetooth® 5.4 Wireless Card",,
"Windows 11 Home x 64 bits, preinstalado.
 Peso 1,90Kg. - Full HD camera with IR function to support Windows Hello",,
"ASUS ZENBOOK S16 (UM5606GA-ZB/S1690) 16"" 3K OLED TOUCHSCREN LAPTOP ANTRIM GRAY",USD 2.200,ING
"Processor: 2 gigahertz AMD Ryzen AI 400 Series Ryzen AI 9 465 (10-core), Memory: 32GB LPDDR5X 8533 megahertz RAM, Storage: 1TB PCIe 4.0 SSD, Video Card: AMD Radeon Integrated, Display: 16"" 3K OLED (2880 x 1800) Touchscreen Refresh Rate 120Hz, Brightness: 500 nits, Wi-Fi 7, Bluetooth",,
"Windows 11 Home x 64 bits, preinstalado.
 Peso 1,60Kg. - Full HD camera with IR function to support Windows Hello",,
"ASUS VIVOBOOK V16 (V3607VP-IS79) 16"" WUXGA NOTEBOOK BLACK (Pad Numerico)",USD 2.050,STK
"Processor: 2.5 GHz Intel® Core™ 7 240H (24MB Cache, up to 5.2 GHz, 10 cores, 16 Threads), Memory: 32GB DDR5 5600 MHZ RAM, Storage: 1TB PCIe® G4 Solid State Drive, Display: 16.0; WUXGA (1920X1200) 16:10; 300 nits; Anti-Glare, Wi-Fi 6(802.11ax) (Dual band) 2*2 + Bluetooth® 5.3 Wireless Card",,
Video Card: NVIDIA® GeForce RTX™ 5070 8GB GDDR7,,
"Windows 11 Home x 64 bits, preinstalado.
 Peso 1,96Kg. - 1080p FHD camera;With privacy shutter, Built-in microphone",,
"ASUS VIVOBOOK (F1605VAP-ES97) 16"" OLED FULLHD+ NOTEBOOK BLACK [Pad Numérico]",USD 1.700,STK
"Processor: 2.7 GHz Intel® Core™ 9 270H (24MB Cache, up to 5.8 GHz 20 Threads) (14 cores), Memory: 24GB DDR5 RAM, Storage: 1TB PCIE G4 Solid State Drive, Video Card: Intel® Graphics, Display: 16'' OLED WUXGA (1920x1200) 16:10; 60Hz refresh rate, Bend+300 nits, Wi-Fi 6(802.11ax) (Dual band) 2*2 + Bluetooth® 5.4 Wireless Card",,
"Windows 11 Home x 64 bits, preinstalado.
 Peso 1,96Kg. - 720p HD camera w/ privacy shutter, Built-in microphone and speaker",,
"ASUS VIVOBOOK FLIP (TP3607AA-IS99T) 16"" FULLHD OLED TOUCHSCREEN LAPTOP BLACK [Pad Numérico]",USD 2.200,STK
"Processor: Intel® Core™ Ultra 9 Processor 386H 2.1 GHz (18MB Cache, up to 4.9 GHz, 16 cores, 16 Threads), Memory: 32GB LPDDR5X RAM, Storage: 1TB PCIE G4 Solid State Drive, Video Card: Intel® Graphics, Display: 16'' OLED WUXGA (1920x1200) Touch, 16:10, 60Hz refresh rate, Bend+300nits, Wi-Fi 7(802.11be) (Triple band) 2*2 + Bluetooth® 6.0 Wireless Card,",,
"Windows 11 Home x 64 bits, preinstalado.
 Peso 1,96Kg. - 1080p FHD camera;With privacy shutter, Built-in microphone",,
DELL,,
"DELL LATITUDE 5350 (LAT5350U732512T) 13.3"" FULL HD TOUCHSCREEN LAPTOP TITAN GRAY",USD 1.400,STK
"Processor: 1.7GHz Intel Core Ultra 7 165U Up to 4.9GHz Series 1 Twelve-Core, Memory: 32GB LPDDR5X-6400 RAM, Storage: 512GB SSD, Video Card: Intel Graphics Integrated, Display: 13.3"" Full HD Touchscreen Anti-Glare 
 300 nits, Wireless LAN WiFi 6 (802.11ax), Bluetooth 5.3",,
"Microsoft® Windows 11 PRO (64-bit), preinstalado
 Peso 1.23Kg, 1080p. Integrated Webcam with dual-array microphone",,
"DELL PLUS (LDB04250-7632BLU) Copilot+ PC 14"" 2K NOTEBOOK 2-IN-1 ICE BLUE",USD 1.550,ING
"Processor: 2.2 gigahertz Intel Core Ultra 7 Series 2 256V (8-core), Memory: 16GB LPDDR5X 8533 MHz RAM, Storage: 512GB PCIe NVMe M.2 Solid State Drive, Video Card: Intel Arc Graphics, Display: 14"" Full HD+ (1920x1200) Refresh Rate
 60Hz, Brightness: 300 nits, Wi-Fi, Bluetooth",,
"Microsoft® Windows 11 Home (64-bit), preinstalado
 Peso 1.62Kg, 1080p. Integrated Webcam with dual-array microphone",,
"DELL PLUS (LDB04250-9168BLU) 14"" 2K TOUCHACREEN LAPTOP 2-IN-1 ICE BLUE",USD 1.650,STK
"Processor: 3.3 gigahertz Intel Core Ultra 9 Series 288V (8-core), Memory: 32GB LPDDR5X 8533 megahertz RAM, Storage: 1TB PCIe NVMe M.2 Solid State Drive, Video Card: Integrated Intel Arc, Display: 14"" Full HD+ (1920 x 1200) LED Touchscreen Brightness 300 nits, Wi-Fi 7, Bluetooth",,
"Microsoft® Windows 11 Home (64-bit), preinstalado
 Peso 1.64Kg, 1080p. Integrated Webcam with dual-array microphone",,
"DELL (LD15260-5632BLK) 15.6"" TOUCHSCREEN LAPTOP CARBON BLACK",USD 1.150,STK
"Processor: Intel® Core™ Ultra 5 Processor 225U, Memory: 16GB DDR5 5600MT/s RAM, Storage: 1 TB M.2 PCIe NVMe SSD, Video Card: Integrated Intel® Graphics, Display: 15.6"" FHD Touchscreen 60Hz, WVA, Anti-Glare, 220 nits, Realtek Wi-Fi 6 RTL8852BE, 2x2, 802.11ax, MU-MIMO, Bluetooth 5.3",,
"Windows 11 Home x 64 bits, preinstalado
 Peso 1.86Kg, Integrated Widescreen HD (720p) Webcam",,
"DELL (LD15260-7140BLK) 15,6"" FUL HD TOUCHSCREEN LAPTOP BLACK [Pad Numérico]",USD 1.300,STK
"Processor: Intel® Core™ Ultra 7 Processor 255U, Memory: 16GB, DDR5, 5600MT/s RAM, Storage: 1TB PCIe® NVMe™ M.2 Solid State Drive, Video Card: Integrated Intel® Graphics, Display: 15.6"", Touch, FHD, 60Hz, WVA, Anti-Glare, 220 nits, Realtek Wi-Fi 6 RTL8852BE, 2x2, 802.11ax, MU-MIMO, Bluetooth(R) wireless card",,
"Microsoft® Windows 11 Home (64-bit), preinstalado
 Peso 1,94Kg, 1280 x 720 (HD), 30 FPS RGB Webcam, Inbuilt Microphone",,
"DELL (LDC15250-7427BLK) 15.6"" 2K TOUCHSCREEN LAPTOP CARBON BLACK",USD 1.020,STK
"Processor: 1.7 gigahertz Intel 13th Generation Core i7 1355U up to 5 gigahertz (10-core), Memory: 16GB DDR5 4400MHz RAM, Storage: 512GB M.2 PCIe NVMe Solid State Drive, Video Card: Intel UHD Graphics Integrated, Display: 15.6"" Full HD (1920 x 1080) LED IPS Touch Screen Refresh Rate: 60Hz Anti-glare Brightness: 220 nits, Wi-Fi 6, Bluetooth",,
"Windows 11 Home x 64 bits, preinstalado
 Peso 1.86Kg, Integrated Widescreen HD (720p) Webcam",,
"DELL INSPIRON (i3535-A813BLK) 15,6"" FULL HD TOUCHSCREEN LAPTOP BLACK (Pad Numerico)",USD 1.020,STK
"Processor: AMD Ryzen 7 7730U (8-Core), Memory: 16GB DDR4 3200MHz RAM, Storage: 512GB M.2 PCIe NVMe Solid State Drive , Video Card: Integrated AMD Radeon™ Graphics, Display: 15.6"" Touchscreen WVA LED-Backlit FHD (1920x1080) 60Hz Display, Realtek Wi-Fi 5 + and Bluetooth 5.0",,
"Windows 11 Home x 64 bits, preinstalado
 Peso 1.86Kg, Integrated Widescreen HD (720p) Webcam",,
"DELL (DC15250-7292BLK) 15.6"" FULL HD TOUCHSCREEN LAPTOP CARBON BLACK (Pad Numerico)",USD 1.200,STK
"Processor: 1.3 gigahertz 13th Intel Generation Core i7 1355U up 3.4 gigahertz (10-core), Memory: 16GB DDR4 2666MHz RAM, Storage: 512GB M.2 PCIe NVMe Solid State Drive , Video Card: Intel UHD Graphics Integrated, Display: 15.6"" Full HD (1920 x 1080) Touch Screen Refresh Rate: 60Hz Anti-glare, Brightness: 220 nits",,
"Windows 11 Home in S Mode x 64 bits, preinstalado
 Peso 1.86Kg, Integrated Widescreen HD (720p) Webcam",,
"DELL (LDC16251-7247SLV) 16"" TOUCHSCREEN LAPTOP SILVER (Pad Numérico)",USD 1.400,STK
"Processor: Intel(R) Core(TM) 7 150U (10 cores, up to 5.4 GHz), Memory: 32GB DDR5 5200MT/s RAM, Storage: 1TB M.2 PCIe NVMe Solid State Drive, Video Card: Intel Graphics, Display: 16.0"" FHD+ (1920x1200) Touchscreen 300nits WVA/IPS Display with ComfortView, Realtek Wi-Fi 6E RTL8852CE, 2x2, 802.11ax, MU-MIMO, Bluetooth(R) wireless card",,
"Microsoft® Windows 11 Home (64-bit), preinstalado
 Peso 1.49Kg, Integrated FHD (1080p) Webcam Dual Digital Mic Array with Temporal Noise Reduction enabled",,
"DELL 16 (LDC16255-A063BLK) 16"" FHD+ TOUCHSCREEN LAPTOP BLACK (Pad Numerico)",USD 1.400,STK
"Processor: AMD Ryzen™ 7 250 Processor (8 cores) up to 5.1Ghz, Memory: 32GB DDR5 5600Mhz RAM, Storage: 2TB M.2 PCIe NVMe Solid State Drive, Video Card: AMD Radeon Graphics, Display: 16"" FHD+ (1920x1200) Touch 300nits WVA/IPS Display with ComfortView, Realtek Wi-Fi 6 RTL8852BE, 2x2, 802.11ax, MU-MIMO, Bluetooth® Wireless Card",,
"Microsoft® Windows 11 Home (64-bit), preinstalado
 Peso 2.02Kg, FHD Webcam (1920 x 1080) Inbuilt Microphone",,
DELL PLUS 16 (LDB06250-7144BLU) 16″ FULLHD+ TOUCHSCREEN LAPTOP 2-IN-1 ICE BLUE (Pad Numerico),USD 1.300,STK
"Processor: 2.2 GHz Intel Core Ultra 7 Series 2 256V (8-Core), Memory: 16GB LPDDR5X 8533Mhz RAM, Storage: 1TB PCIe® G4 SSD, Video Card: Integrated Intel Arc Graphics 140V, Display: 16″ WUXGA (1920×1200) TOUCHSCREEN 60 Hz, Wi-Fi 7 (802.11be), Bluetooth",,
"Microsoft® Windows 11 Home (64-bit), preinstalado
 Peso 2.05Kg, Integrated Resolution 1080p FULL HD Webcam",,
DELL 16S (LDS16260-7779BLU) 2K TOUCHCREEN LAPTOP CELESTIAL BLUE,USD 1.600,ING
"Processor: Intel Core Ultra 7 355, Memory: 16GB LPDDR5X RAM, Storage: 512GB PCIe NVMe SSD, Video Card: Intel Graphics, Display: 16"" FHD+ Touch 1920×1200 60Hz 400 nits, Wi-Fi 7 + Bluetooth.",,
"Microsoft® Windows 11 Home (64-bit), preinstalado
 Peso 2.05Kg, Integrated Resolution 1080p FULL HD Webcam",,
"DELL PLUS 16 (LDB16250-7014BLU) 16"" FHD+ TOUCHSCREEN NOTEBOOK ICE BLUE (Pad Numerico)",USD 1.600,STK
"Processor: Intel® Core™ Ultra 7 processor 258V (12MB Cache, 8 cores, up to 4.8 GHz), Memory: 32GB, LPDDR5X, 8533MT/s, , Storage: 1TB M.2 PCIe NVMe Solid State Drive, Display: 16"" FHD+ (1920 x 1200) Touch 300nits WVA 16:10 Display with ComfortView, Intel Wi-Fi 7 BE201, 2x2, 802.11be & Bluetooth 5.4",,
"Microsoft® Windows 11 Home (64-bit), preinstalado
 Peso 2.05Kg, Integrated Resolution 1080p FULL HD Webcam",,
"DELL PRO 16 (PC16250-3HN1W) 16"" FHD+ NOTEBOOK PLATINUM SILVER (Pad Numérico)",USD 1.850,STK
"Processor: Intel® Core™ Ultra 5 235U vPro® (12 TOPS NPU up to 4.9 GHz) (12 cores), Memory: 32GB DDR5, 5600 MT/s RAM, Storage: 512GB, Video Card: Intel Graphics, Display: 16"" FHD+ (1920 x 1200) Panel IPS Refresh Rate 60 Hz, Gigabit Ethernet, 802.11ax Wireless LAN, Bluetooth",,
"Microsoft® Windows 11 PRO (64-bit), preinstalado
 Peso 2.05Kg, Integrated Resolution 1080p FULL HD Webcam",,
"Dell 16 PREMIUM (DA16250-D0RG4) 16.3"" FULL HD+ NOTEBOOK PLATINUM",USD 3.100,STK
"Processor: Intel® Core™ Ultra 9 Processor 285H 24M Cache, up to 5.40 GHz (16-core), Memory: 32 GB: LPDDR5X, 7467 MT/s RAM, Storage: 1 TB SSD M.2 NVMe PCIe 4.0 4x, Display: 16.3"" 1920x1080 (Full HD) Refresh rate: 120 Hz, Brightness: 500 nt, Wi-Fi 7 (802.11be)",,
Video Card: NVIDIA® RTX5060 8192MB,,
"Microsoft® Windows 11 Home (64-bit), preinstalado
 Peso 2.30Kg, Integrated Resolution 1080p FULL HD Webcam",,
"Dell 16 PREMIUM (DA16250-YV8WF) 16,3"" 4K OLED TOUCHSCREEN 120Hz PLATINUM PLATINUM",USD 3.400,STK
"Processor: Intel® Core™ Ultra 9 Processor 285H 24M Cache, up to 5.40 GHz (16-core), Memory: 32 GB: LPDDR5X, 7467 MT/s RAM, Storage: 1 TB SSD M.2 NVMe PCIe 4.0 4x, Display: 16.3"" WQUXGA (3840x2400) TOUCHSCREEN OLED, Wi-Fi 7 (802.11be)",,
Video Card: NVIDIA GeForce RTX5060 with 8GB GDDR7,,
"Microsoft® Windows 11 PRO (64-bit), preinstalado
 Peso 2.30Kg, Integrated Resolution 1080p FULL HD Webcam",,
HP,,
"HP OMNIBOOK X FLIP (14-FM0013DX) 14"" 2K TOUCHSCREEN LAPTOP 2-IN-1 ATMOSPHERIC BLUE",USD 1.150,STK
"Processor: 4.5 gigahertz Intel Core Ultra 5 Series 226V (8-core), Memory: 16GB LPDDR5 8533 megahertz, Storage: 512GB PCle® NVMe™ M.2 Solid State Drive, Video Card: Intel Arc 130V, Display: 14"" IPS 1920 x 1200 (Full HD+) Touchscreen 400 nits, Wi-Fi: Wi-Fi 6 (802.11ax), Bluetooth 5.3",,
"Windows 11 Home x64 bits, preinstalado.
 Peso 1,39 Kg. - HP Wide Vision 720p HD camera with temporal noise reduction and integrated dual array digital microphones",,
"HP OMNIBOOK X FLIP (14-KB0023DX) 14"" 2K TOUCHSCREEN LAPTOP 2-IN-1 METEOR SILVER",USD 1.600,STK
"Processor: 4.7 gigahertz Intel Core Ultra 7 Series 355 (8-core), Memory: 16GB LPDDR5X 7467 megahertz RAM, Storage: 1TB PCIe 4.0 SSD, Video Card: Intel Graphics Integrated, Display: 14"" Full HD+ (1920x1200) UWVA OLED Touch Screen Brightness: 300 nits, Wi-Fi 7, Bluetooth 5.4",,
"Windows 11 Home x64 bits, preinstalado.
 Peso 1,39 Kg. - HP Wide Vision 720p HD camera with temporal noise reduction and integrated dual array digital microphones",,
"HP ELITEBOOK 8 G1i NEXT GEN (BG7N6UT#ABA) 14"" 2K TOUCHSCREEN LAPTOP GLACIER SILVER",USD 2.050,STK
"Processor: Intel® Core™ Ultra 7 258V (up to 4.8 GHz with Intel® Turbo Boost Technology, 12 MB L3 cache, 8 cores, 8 threads), Memory: 32GB LPDDR5x-8533 MT/s RAM, Storage: 512GB PCIe® Gen4 NVMe™ TLC SSD, Video Card: Intel® Arc™ Graphics, Display: 14"" WUXGA (1920 x 1200), touch, IPS, anti-glare, 300 nits, low power, 62.5% sRGB, Intel® Wi-Fi 7 BE201 (2x2) and Bluetooth® 5.4 wireless card, non-vPro®",,
"Windows 11 PRO x64 bits, preinstalado.
 Peso 1,47 Kg. - 5MP IR camera with HDR auto switch, temporal noise reduction, and privacy shutter",,
"HP OMNIBOOK X (14-KA0095CL) D38HLUA#ABA 14"" 3K OLED TOUCHSCREN LAPTOP SILVER",USD 2.400,STK
"Processor: Intel® Evo™ Intel® Core™ Ultra 9 386H (up to 4.9 GHz with Intel® Turbo Boost Technology, 16 cores), Memory: 32GB LPDDR5x-8533 MT/s RAM, Storage: 1TB PCIe® Gen4 NVMe™ M.2 SSD, Video Card: Integrated Intel® Graphics, Display: 14"" 3K (2880 x 1800), touchscreen, OLED, up to 120Hz, 0.2ms response time, Corning® Gorilla® Glass 3, micro-edge, Low Blue Light, SDR 500 nits display, Wi-Fi 7 (2x2) and Bluetooth® 6.0 wireless card",,
"Windows 11 Home x64 bits, preinstalado.
 Peso 1,39 Kg. - 5MP IR camera with HDR auto switch, temporal noise reduction, and privacy shutter, Integrated dual array digital microphones",,
"HP OMNIBOOK X FLIP 2-IN-1 (16-CC0033DX) 16"" 2K OLED TOUCHSCREEN LATPOP METEOR SILVER [Pad Numérico]",USD 1.850,STK
"Processor: 5 gigahertz AMD Ryzen AI 400 Series 9 465 (10-core), Memory: 32GB LPDDR5x-8533 MT/s RAM, Storage: 512GB PCIe® NVMe™ M.2 Solid State Drive, Video Card: AMD Radeon 880M, Display: 16"" Full HD+ (1920 x 1200) Oled UWVA Touch Screen Brightness: 300 nits, Wi-Fi 7 Bluetooth",,
"Windows 11 Home x 64 bits, preinstalado.
 Peso 2,10Kg. - Privacy Front-Facing Camera, Built-In Microphone",,
"HP OMNIBOOK 3 (16-BU0305DX) 16"" 2K TOUCHSCREEN LAPTOP MICA SILVER [Pad Numérico]",USD 970,STK
"Processor: 4.8 gigahertz Intel Core Ultra 5 Series 225U (12-core), Memory: 8GB DDR5 5600 megahertz RAM, Storage: 512GB PCIe 4.0 SSD, Video Card: Intel Graphics Integrated, Display: 16"" IPS LED 1920 x 1200 (WUXGA) Anti-glare Brightness: 300 nits, Wi-Fi 7 Bluetooth",,
"Windows 11 Home x 64 bits, preinstalado.
 Peso 1,64Kg. - 1080p Privacy camera and Built-In Microphone",,
"HP OMNIBOOK 3 (16-BU0007DX) 16"" 2K TOUCHSCREEN LAPTOP MICA SILVER [Pad Numérico]",USD 1.300,STK
"Processor: 5.2 gigahertz Intel Core Ultra 7 Series 255U (12-core), Memory: 16GB DDR5 5600 megahertz RAM, Storage: 512GB PCIe 4.0 SSD, Video Card: Intel Graphics Integrated, Display: 16"" IPS LED 1920 x 1200 (WUXGA) Anti-glare Brightness: 300 nits, Wi-Fi 7 Bluetooth",,
"Windows 11 Home x 64 bits, preinstalado.
 Peso 1,64Kg. - 1080p Privacy camera and Built-In Microphone",,
"HP OMNIBOOK 5 (16-CD0055CL) 16"" FULLHD+ 2K TOUCHSCREEN LAPTOP GRAY [Pad Numérico]",USD 1.200,STK
"Processor: Intel® Core™ Ultra 5 322 (up to 4.4 GHz with Intel® Turbo Boost Technology, 6 cores), Memory: 16GB DDR5 5600 megahertz RAM, Storage: 1TB PCIe® Gen4 NVMe™ M.2 SSD, Video Card: Integrated Intel® Graphics, Display: 16"" 2K (1920 x 1200) touchscreen IPS micro-edge anti-glare 300 nits, Wi-Fi 7 (2x2) and Bluetooth® 6.0 wireless card",,
"Windows 11 Home x 64 bits, preinstalado.
 Peso 1,64Kg. - 1080p FHD IR camera with HDR auto switch, temporal noise reduction, and privacy shutter",,
"HP OMNIBOOK 7 FLIP (16-AU0773CL) (B88B1UA#ABA) 16"" 3K OLED TOUCHSCREEN LAPTOP 2-IN-1 SILVER",USD 1.750,STK
"Processor: Intel® Evo™ platform powered by Intel® Core™ Ultra 7 258V (8-Core), Up to 4.8 GHz, Intel® AI Boost (47 NPU TOPS), Memory: 32GB LPDDR5x-8533 MT/s, Storage: 1TB PCIe® Gen4 NVMe™ M.2 SSD, V (16GB). Display: 16"" 2K 
 1920 x 1200 (Full HD+) TouchScreen IPS, Brightness: 400 nits, Wi-Fi 6E, Bluetooth",,
"Windows 11 Home x 64 bits, preinstalado.
 Peso 1,85Kg. - 5MP IR camera with temporal noise reduction and privacy shutter",,
"HP OMNIBOOK 5 AI (16-AF1173) 16"" 2K TOUCHSCREEN LAPTOP GLACIER SILVER ALUMINIUM (Pad Numérico)",USD 1.400,STK
"Processor: Intel® Core™ Ultra 7 255U (12 core), Memory: 32GB LPDDR5x-7467 MT/s RAM, Storage: 1TB PCIe® Gen4 NVMe™ M.2 SSD, Video Card: Integrated Intel® Graphics, Display: 16"" diagonal, 2K (1920 x 1200), touch, IPS, micro-edge, anti-glare, 300 nits, Wi-Fi 6 and Bluetooth 5.4",,
"Windows 11 Home x 64 bits, preinstalado.
 Peso 1,78Kg. - HP True Vision 1080p FHD camera with temporal noise reduction and a privacy shutter",,
"HP OMNIBOOK X (16-CB0023DX) 16""2K OLED TOUCHSCREEN LAPTOP ECLIPSE GRAY [Pad Numérico]",USD 1.750,STK
"Processor: 4.7 gigahertz Intel Core Ultra 7 Series 3 355 (8-core), Memory: 16GB LPDDR5x-7467 MT/s RAM, Storage: 1TB PCIe® Gen4 NVMe™ M.2 Solid State Drive, Video Card: Integrated Intel Graphics, Display: 16"" OLED 1920 x 1200 (Full HD+) TouchScreen, Brightness 300 nits, Wi-Fi 6 and Bluetooth 5.4",,
"Windows 11 Home x 64 bits, preinstalado.
 Peso 2,10Kg. - Privacy Front-Facing Camera, Built-In Microphone",,
"HP OMNIBOOK X (16-BG0013DX) 16"" 2K OLED TOUCHSCREEN LAPTOP METEOR SILVER (Pad Numérico)",USD 2.500,STK
"Processor: Intel Core Ultra X7 Series 358H, Memory: 32GB LPDDR5X RAM, Storage: 1TB PCIe® NVMe™ M.2 SSD, Video Card: Intel Arc B390 Integrated, Display: 16"" OLED UWVA (2048 x 1280) Touch Screen Refresh Rate: 120Hz, Brightness 400 nits, Wi-Fi, Bluetooth",,
"Windows 11 Home x 64 bits, preinstalado.
 Peso 2,10Kg. - Privacy Front-Facing Camera, Built-In Microphone",,
"HP OMNIBOOK X (16-BG0033DX) 16"" 2K OLED TOUCHSCREEN LAPTOP METEOR SILVER (Pad Numérico)",USD 2.900,STK
"Processor: 4.9 gigahertz Intel Core Ultra 9 Series 386H (16-core), Memory: 32GB LPDDR5X 5600 megahertz RAM, Storage: 1TB PCIe® NVMe™ M.2 SSD, Video Card: Intel Arc B390 Integrated, Display: 16"" OLED UWVA (2048 x 1280) Touch Screen Refresh Rate: 120Hz, Brightness 400 nits, Wi-Fi, Bluetooth",,
Video Card: NVIDIA GeForce RTX 5050 8GB GDDR7,,
"Windows 11 Home x 64 bits, preinstalado.
 Peso 2,10Kg. - 5MP IR camera with temporal noise reduction and privacy shutter",,
"HP OMNIBOOK 7 FLIP (16AU-0055CL) 16"" 2K TOUCHSCREEN LAPTOP SILVER [HP USB-C® Rechargeable MPP2.0 Tilt Pen]",USD 1.600,STK
"Processor: Intel® Core™ Ultra 5 226V (up to 4.5 GHz with Intel® Turbo Boost Technology, 8 cores), Memory: 16GB LPDDR5x-8533 MT/s RAM, Storage: 1TB PCIe® Gen4 NVMe™ M.2 Solid State Drive, Display: 16"" 2K (1920 x 1200), multitouch-enabled, IPS, edge-to-edge glass, micro-edge, 400 nits, Wi-Fi 7 (2x2) and Bluetooth® 5.4 wireless card",,
Video Card: Integrated Intel® Arc™ 130V GPU (8GB),,
"Windows 11 Home x 64 bits, preinstalado.
 Peso 2,10Kg. - 5MP IR camera with temporal noise reduction and privacy shutter",,
"HP OMNIBOOK 5 (16-BP0095CL) 16"" 2K TOUCHSCREEN LAPTOP ECLIPSE GRAY [Pad Numérico]",USD 1.800,STK
"Processor: AMD Ryzen™ AI 9 465 (up to 5.0 GHz max boost clock, 10 cores), Memory: 32GB LPDDR5x-8533 MT/s (onboard), Storage: 1TB PCIe® Gen4 NVMe™ M.2 SSD, Display: 16"" 2K (1920 x 1200), OLED, multitouch-enabled, 0.2 ms response time, edge-to-edge glass, micro-edge, Low Blue Light, 300 nits display, Wi-Fi 7 (2x2) and Bluetooth® 6.0 wireless card",,
"Video Card: Integrated AMD Radeon™ 880M Graphics,",,
"Windows 11 Home x 64 bits, preinstalado.
 Peso 1,70kg. - 1080p FHD IR camera with HDR auto switch, temporal noise reduction, and privacy shutter",,
"HP OMNIBOOK 7 (16-bh0095cl) 16"" 2K OLED TOUCHSCREEN NOTEBOOK SILVER [Pad Numérico]",USD 2.500,STK
"Processor: Intel® Evo™ platform powered by Intel® Core™ Ultra 9 386H (up to 4.9 GHz with Intel® Turbo Boost Technology (16 cores), Memory: 32GB LPDDR5x-8533 MT/s RAM, Storage: 1TB PCIe® Gen4 NVMe™ M.2 SSD, Video Card: Integrated Intel® Graphics, Display: 16"" 2K (2048 x 1280), OLED, touchscreen, 120 Hz, 0.2 ms response time, micro-edge, Low Blue Light, SDR 400 nits, Wi-Fi 7 (2x2) and Bluetooth® 6.0 wireless card",,
"Windows 11 Home x 64 bits, preinstalado.
 Peso 2,51kg. - HP True Vision 5MP IR Camera with shutter, temporal noise reduction and integrated dual array digital microphones",,
"HP OMNIBOOK 3 (17-DG0107DX) 17.3"" FULL HD LAPTOP MICA SILVER [Pad Numérico]",USD 1.400,STK
"Processor: 5.2 gigahertz Intel Core Ultra 7 Series 255U (12-core), Memory: 16GB DDR5 5600 megahertz RAM, Storage: 512GB PCIe 4.0 SSD, Video Card: Intel Graphics Integrated, Display: 17.3"" 1920 x 1080 (Full HD) LED IPS Anti-glare 
 300 nits, Wi-Fi 7 (2x2) and Bluetooth® 6.0 wireless card",,
"Windows 11 Home x 64 bits, preinstalado.
 Peso 2,20kg. - 1080p FHD IR camera with HDR auto switch, temporal noise reduction, and privacy shutter",,
"HP OMNIBOOK 3 (17-DF0575CL) 17.3"" FULL HD TOUCHSCREEN NOTEBOOK BLACK [Pad Numérico]",USD 1.550,STK
"Processor:Intel® Core™ Ultra 7 355 (up to 4.7 GHz with Intel® Turbo Boost Technology, 8 cores), Memory: 16GB DDR5-5600 MT/s RAM, Storage: 1TB PCIe® Gen4 NVMe™ M.2 SSD, Video Card: Integrated Intel® Graphics, Display: 17.3"" diagonal, FHD (1920 x 1080), touchscreen, IPS, micro-edge, anti-glare, 300 nits display, Wi-Fi 6 (2x2) and Bluetooth® 5.4 wireless card",,
"Windows 11 Home x 64 bits, preinstalado.
 Peso 2,20kg. - 1080p FHD IR camera with HDR auto switch, temporal noise reduction, and privacy shutter",,
"HP OMNIBOOK X (17-DE0043DX) 17.3"" FULL HD TOUCHSCREEN LAPTOP GLACIER SILVER [Pad Numérico]",USD 2.600,STK
"Processor: 4.9 gigahertz Intel Core Ultra 9 Series 3 386H (16-core), Memory: 32GB LPDDR5X 8533MHz RAM, Hard Drive: 1TB PCIe® NVMe™ M.2 Solid State Drive, Video Card: Intel Graphics, Display: 17.3"" Full HD (1920 x 1080) LED IPS Touchscreen Brightness 400 nits, Wi-Fi 7, Bluetooth",,
"Windows 11 Home x 64 bits, preinstalado.
 Peso 2,51kg. - HP True Vision 5MP IR Camera with shutter, temporal noise reduction and integrated dual array digital microphones",,
LENOVO,,
"LENOVO IDEAPAD 5 (83UH004LUS) 14"" FULLHD+ OLED TOUCHSCREEN LAPTOP 2-IN-1 SEASHELL",USD 1.550,STK
"Processor: AMD Ryzen™ AI 7 445 (6C / 12T, 2.0 / 4.6GHz, 6MB L2 / 8MB L3), Memory: 16GB SODIMM DDR5-5600Mhz, RAM, Storage: 1TB SSD M.2 2242 PCIe® 4.0x4 NVMe®, Video Card: Integrated AMD Radeon™ 840M Graphics, Display: 14"" WUXGA (1920 x 1200) IPS 400nits, Low Blue Light, High Gaming Performance, Wi-Fi 7 + Bluetooth 5.4",,
"Windows 11 Home x 64 bits, preinstalado.
 Peso 1,63Kg. - FHD 1080p + IR with Privacy Shutter, Dual-microphone array",,
"LENOVO YOGA 7i Copilot+ PC (83TC0003US) 14"" 2K OLED TOUCHSCREEN LAPTOP 2-IN-1 LUNA GREY",USD 1.300,STK
"Processor: Intel Core™ Ultra 5 322, 6C (2P + 4LPE) / 6T, Max Turbo up to 4.4GHz, 12MB Intel® Smart Cache, Memory: 16GB LPDDR5X-7467Mhz RAM, Storage: 512GB SSD M.2 2242 PCIe® 4.0x4 NVMe®, Video Card: Integrated Intel® Graphics, Display: 14"" WUXGA (1920x1200) OLED 400nits Glossy / Anti-fingerprint, 100% DCI-P3, 100% sRGB, 60Hz, Dolby Vision®, TÜV Low Blue Light, Glass, Touchscreen, Wi-Fi® 7, 802.11be + Bluetooth 5.4",,
"Windows 11 Home x 64 bits, preinstalado.
 Peso 1,38Kg. - 5.0MP + IR with Privacy Shutter",,
"LENOVO YOGA SLIM 9i (83CX0005US) 14"" 4K OLED TOUCHSCREEN LAPTOP TIDAL TEAL",USD 2.300,STK
"Processor: 2.2 gigahertz Intel Core Ultra 7 Series 258V (8-core), Memory: 32Gb LPDDR5X 8533 megahertz RAM, Storage: 1TB Solid Slate Drive (SSD), Video Card: Integrated Intel Arc, Display: 14"" OLED (3840 x 2400) TouchScreen 120Hz, Brightness: 750 nits, Wi-Fi 7, Bluetooth",,
"Windows 11 Home x 64 bits, preinstalado.
 Peso 1,25Kg. - Privacy camera",,
"LENOVO YOGA 9i AURA EDITION (83SE0001US) 14"" 3K OLED TOUCHSCREEN LAPTOP 2-in-1 COSMIC BLUE",USD 2.800,STK
"Processor: 2.3 gigahertz Intel Core Ultra 7 Series 355 4.7 gigahertz (8-core), Memory: 32GB LPDDR5X 6800 megahertz RAM, Storage: 1TB M.2 2242 PCIe 4.0x4 NVMe Solid Slate Drive (SSD), Video Card: Integrated Intel Arc, Display: 14"" 3K (2880 x 1800) OLED Touch Screen Refresh Rate: 120Hz, Brightness: 1100 nits, Wi-Fi® 7, 802.11be 2x2 + BT5.4",,
"Windows 11 Home x 64 bits, preinstalado.
 Peso 1,36Kg. - 5.0MP + IR with Privacy Shutter",,
"LENOVO THINKPAD E14 Gen 5 (21JK0053US) 14"" FULL HD TOUCHSCREEN LAPTOP GRAPHITE BLACK",USD 1.500,STK
"Processor: Intel Core™ i7-1355U, 10C (2P + 8E) / 12T, P-core 1.7 / 5.0GHz, E-core 1.2 / 3.7GHz, Memory: 16GB 3200 MT/s DDR4, Storage: 512GB / M.2 NVMe SSD, Video Card: Integrated Intel® Iris® Xe Graphics, Display: 14"" WUXGA (1920x1200) IPS 300nits Anti-glare, 45% NTSC, Touch, Wi-Fi 6E (802.11ax), Bluetooth 5.3",,
"Windows 11 Home x 64 bits, preinstalado.
 Peso 1,34Kg. - Integrated 1080p Webcam with Privacy Shutter",,
"LENOVO THINKBOOK 14 G8 IAL (21SJ00EWUS) 14"" FULLHD+ TOUCHSCREEN ARCTIC GREY",USD 1.850,STK
"Processor: Intel Core Ultra 7 255H, 16C (6P + 8E + 2LPE) 16T, Max Turbo up, Memory: 32GB SODIMM DDR5-5600 RAM, Storage: 1TB M.2 2242 PCIe 4.0x4 NVMe SSD, Video Card: Integrated Intel Arc 140T GPU, Display: 14"" WUXGA (1920x1200) IPS 300nits Anti-glare, 45% NTSC, 60Hz, Touchscreen, 100/1000M (RJ-45), 
 Intel® Wi-Fi® 6E AX211, 802.11ax 2x2 + BT5.3",,
"Windows 11 Home x 64 bits, preinstalado.
 Peso 1,36Kg. - FHD 1080p with Privacy Shutter",,
"LENOVO THINKPAD T14S GEN6 (21QX000MUS) 14"" WUXGA NOTEBOOK BLACK",USD 1.950,STK
"Processor: Intel Core™ Ultra 7 258V, 8C (4P + 4LPE) / 8T, Max Turbo up to 4.8GHz, 12MB Intel® Smart Cache, Memory: 32GB Soldered LPDDR5X-8533 RAM, Storage: 512GB SSD M.2 2280 PCIe® 4.0x4 NVMe® Opal 2.0, Video Card: Integrated Intel® Arc™ Graphics 140V, Display: 14"" WUXGA (1920x1200) IPS 500nits Anti-glare, 100% sRGB, 60Hz, Low Power, Intel® Wi-Fi® 7 BE201, 802.11be 2x2 + BT5.4",,
"Windows 11 PRO x 64 bits, preinstalado.
 Peso 1,28Kg. - 5.0MP + IR Discrete with Privacy Shutter, Computer Vision on ISP",,
"LENOVO ThinkPad T14S G6 (21R2516300) 14"" FHD+ TOUCHSCREEN LAPTOP BLACK",USD 2.050,STK
"Processor: Intel® Core™ Ultra 7 Processor 255U (2P-core + 8 E-core), Memory: 32GB LPDDR5x 7467MHz RAM, Storage: 1TB NVMe M.2 TLC Gen 4 SSD, Video Card: Integrated Intel® Graphics, Display: 14"" WUXGA (1920 x 1200) IPS Touchscreen, Intel® Wi-Fi® 7 BE201, 802.11be, 2x2 Wi-Fi® Supports Bluetooth 5.4",,
"Windows 11 PRO x 64 bits, preinstalado.
 Peso 1,52Kg. - 5MP Webcam and Privacy Shutter Dual-Microphone array",,
"LENOVO ThinkPad X9 14 AURA (21QA0035US) 14"" 2,8K OLED TOUCHSCREEN 120Hz THUNDER GREY",USD 2.000,STK
"Processor: Intel® Core™ Ultra 7 258V (LPE-cores up to 3.70 GHz P-cores up to 4.80 GHz), Memory: 32GB LPDDR5X-8533MT/s RAM, Storage: 1TB SSD M.2 2242 PCIe Gen4 TLC Opal, Video Card: Integrated Intel® Arc™ 140V GPU, Display: 14"" 2.8K (2880 x 1800), OLED, Anti-Reflection/Anti-Smudge, Touch, HDR 600 True Black, Intel® Wi-Fi 7 BE201 2x2 BE & Bluetooth® 5.4",,
"Windows 11 PRO x 64 bits, preinstalado.
 Peso 1,27Kg. - IR 1080P Webcam Compatible with Windows Hello",,
"LENOVO THINKPAD X1 CARBON G14 AURA EDITION (21V7006GUS) 14"" 2K TOUCHSCREEN",USD 3.000,CONS
"Processor: Intel® Core™ Ultra 7 365 vPro® (LPE-cores up to 3.60 GHz P-cores up to 4.80 GHz), Memory: 32GB LPDDR5x 8533MHz RAM, Storage: 1TB SSD M.2 2280 PCIe Gen4 TLC Opal, Video Card: Integrated Intel® Graphics, Display: 14"" WUXGA (1920 x 1200), IPS, Anti-Glare, Touch, 100%sRGB, 500 nits, 60Hz, Low Power, Intel® Wi-Fi 7 BE211 2x2 BE vPro® & Bluetooth® 5.4",,
"Windows 11 PRO x 64 bits, preinstalado.
 Peso 1,10Kg. - 5MP RGB+IR with Computer Vision and Privacy Shutter",,
"LENOVO YOGA SLIM 7i (83QK0011US) 14"" 3K OLED TOUCHSCREEN LAPTOP COSMIC BLUE Aura FIFA 26 Edition",USD 2.700,STK
"Processor: 2.3 gigahertz Intel Core Ultra 7 Series 355 (8-core), Memory: 32GB LPDDR5X 6800 megahertz RAM, Storage: 1TB PCIe® G4 Solid State Drive, Video Card: Intel Graphics Integrated, Display: 14"" OLED (2880 x 1800) Touch Screen Refresh Rate: 120Hz, Brightness: 1100 nits, Wi-Fi 7 Bluetooth",,
"Windows 11 Home x 64 bits, preinstalado.
 Peso 1,25Kg. - 5Mp Front Facing Camera with Dual Microphone and E-Shutter",,
"LENOVO YOGA SLIM 7i ULTRA AURA (83QK0001US) 14"" 3K OLED TOUCHSCREEN LAPTOP SEASHELL",USD 2.800,STK
"Processor:2.3 gigahertz  Intel Core Ultra 7 Series 355 (8-core), Memory: 32GB LPDDR5X 6800 megahertz RAM, Storage: 1TB SSD PCIe, Video Card: Integrated Intel Graphics, Display: 14"" 3K OLED (2880 x 1800) Touch Screen Refresh Rate 120Hz, Brightness: 1100 nits Wi-Fi 7 Bluetooth",,
"Windows 11 Home x 64 bits, preinstalado.
 Peso 1,25Kg. - 1080P FHD IR Hybrid with Dual Microphone and E-Shutter",,
"LENOVO IDEAPAD SLIM 3 15ARP10 (83K700TUUS) 15,3"" FULLHD+ TOUCHSCREEN LAPTOP LUNAR GRAY [Pad Numérico]",USD 1.050,STK
"Processor: AMD Ryzen™ 7 170 (8C / 16T, 3.2 / 4.75GHz, 4MB L2 / 16MB L3), Memory: 16GB SODIMM DDR5-4800 RAM, Storage: 512GB SSD M.2 2242 PCIe® 4.0x4 NVMe®, Video Card: Integrated AMD Radeon™ 680M Graphics, Display: 
 15.3"" WUXGA (1920x1200) IPS 300nits Anti-glare, 45% NTSC, 60Hz, Touch, Wi-Fi® 6, 802.11ax 2x2 + BT5.3",,
"Windows 11 Home x 64 bits, preinstalado.
 Peso 1,60Kg. - HD 720p with Privacy Shutter",,
"LENOVO IDEAPAD 5 (83UM0004US) 15,3"" WUXGA TOUCHSCREEN LAPTOP 2-IN-1 COSMIC BLUE [Pad Numérico] Lenovo Pen Gen 2 Included",USD 2.050,STK
"Processor: AMD Ryzen AI 7 445, Memory: 32GB DDR5-5600 RAM, Storage: 1TB 2242 M.2 QLC SSD, Video Card: Integrated AMD Radeon 840M, Display: 15.3"" (WUXGA) Touch IPS 60Hz 45% NTSC 400 nits, Wi-Fi® 7, 802.11be 2x2 + Bluetooth 5.4",,
"Windows 11 Home x 64 bits, preinstalado.
 Peso 1,60Kg. - 1080P IR with Privacy Shutter",,
"LENOVO IDEAPAD 5i (83UL0004US) 15,3"" FULLHD+ TOUCHSCREEN LAPTOP GRAY [Pad Numérico]",USD 1.600,STK
"Processor: Intel® Core Ultra 7 Processor 355 NPU 50 TOPS, Memory: 16GB SODIMM DDR5-5600 RAM, Storage: 1GB SSD M.2 2242 PCIe® 4.0x4 NVMe®, Video Card: Integrated Intel® DirectX® 12 Ultimate GPU Graphics, Display: 15.3"" (WUXGA) 1920 x 1200 400 nits IPS Anti-Glare 60 Hz Touch, Wi-Fi 7 + Bluetooth 5.4, PEN",,
"Windows 11 Home x 64 bits, preinstalado.
 Peso 1,60Kg. - FHD 1080p + IR with Privacy Shutter, ToF Sensor",,
"LENOVO YOGA PRO 7i (83SN0003US) 15.3"" 3K OLED TOUCHSCREEN LAPTOP LUNA GREY",USD 3.500,STK
"Processor: 2.1 gigahertz Intel Core Ultra 9 Series 386H (16-core), Memory: 16GB LPDDR5X 8533 megahertz RAM, Storage: 1TB SSD M.2 2242 PCIe® 4.0x4 NVMe®, 15.3"" OLED (2560 x 1600) Touch Screen Refresh Rate 165Hz, Brightness: 1100 nits, Wi-Fi 7 + Bluetooth 5.4, PEN",,
Video Card: NVIDIA GeForce RTX 5060 8GB GDDR7,,
"Windows 11 Home x 64 bits, preinstalado.
 Peso 1,80Kg. - 5 megapixels + IR with Privacy Shutter, ToF Sensor",,
"LENOVO IDEAPAD SLIM 3 15IRU8 (82X700KEUS) 15.6"" FHD NOTEBOOK ARCTIC GREY",USD 1.020,STK
"Processor: Intel Core™ i5-1335U, 10C (2P + 8E) / 12T, P-core up to 4.6GHz, E-core up to 3.4GHz, Memory: 16GB LPDDR5 4800 RAM, Storage: 256GB SSD M.2 2242 PCIe® 4.0x4 NVMe®, Video Card: Integrated Intel® Iris® Xe, Display: 15.6"" FHD (1920x1080) TN 250nits Anti-glare Graphics, Wi-Fi® 6, 802.11ax 2x2 + BT5.2,",,
"Windows 11 Home x 64 bits, preinstalado.
 Peso 1,62Kg. - HD 720p with Privacy Shutter",,
"LENOVO YOGA 7A (83TF0000US) 16"" 2K LCD TOUCHSCREEN LAPTOP SEASHELL [Pad Numérico]",USD 1.250,CONS
"Processor: 2 gigahertz AMD Ryzen AI 400 Series AI 5 430 up to 4.5 gigahertz (4-core), Memory: 16GB LPDDR5X 
 8000 megahertz RAM, Storage: 512GB PCIe 4.0 SSD, Video Card: AMD Radeon 840M Integrated, Display: 16"" LCD IPS 
 1920 x 1200 (WUXGA), Brightness: 400 nits, Refresh Rate: 60Hz, Wi-Fi 7, Bluetooth",,
"Windows 11 Home x 64 bits, preinstalado.
 Peso 1,62Kg. - 5.0MP + IR with Privacy Shutter",,
"LENOVO IDEAPAD SLIM 5i (83S60042US) 16"" FULLHD+ TOUCHSCREEN LAPTOP COSMIC BLUE [Pad Numérico]",USD 1.250,STK
"Processor: Intel® Core Ultra 5 Processor 322 NPU 46 TOPS, Memory: 16GB SODIMM DDR5-5600 RAM, Storage: 512GB SSD M.2 2242 PCIe® 4.0x4 NVMe®, Video Card: Integrated Intel® Graphics, Display: 16.0"" (WUXGA) 1920 x 1200 400 nits IPS Anti-Glare 120 Hz Touch, Wi-Fi 7 + Bluetooth 5.4",,
"Windows 11 Home x 64 bits, preinstalado.
 Peso 1,60Kg. - FHD 1080p + IR with Privacy Shutter, ToF Sensor",,
"LENOVO IDEAPAD SLIM 5 16IPH11 (83S6000BUS) 16"" FULLHD+ TOUCHSCREEN LAPTOP COSMIC BLUE [Pad Numérico]",USD 1.500,STK
"Processor: Intel Core™ Ultra 7 355, 8C (4P + 4LPE) / 8T, Max Turbo up to 4.7GHz, 12MB Intel® Smart Cache, Memory: 16GB SODIMM DDR5-5600Mhz RAM, Storage: 1TB SSD M.2 2242 PCIe® 4.0x4 NVMe®, Video Card: Integrated Intel® Graphics, Display: 16"" WUXGA (1920x1200) IPS 400nits Anti-glare, 100% sRGB, 120Hz, Touch, Wi-Fi® 7, 802.11be 2x2 + BT5.4",,
"Windows 11 Home x 64 bits, preinstalado.
 Peso 1,85Kg. - FHD 1080p + IR with Privacy Shutter, ToF Sensor",,
"LENOVO YOGA 7 16ILL10 (83JT0047US) 16"" 2K TOUCHSCREEN LAPTOP 2-IN-1 LUNA GRAY [Pad Numérico]",USD 1.350,STK
"Processor: 2.1 gigahertz Intel Core Ultra 5 Series 2 226V up to 4.5 gigahertz (8-core), Memory: 16GB SODIMM DDR5-8533Mhz RAM, Storage: 512GB PCIe 4.0 SSD, Graphics, Display: 16"" 2K WUXGA (1920x1200) IPS Touchscreen 2-IN-1 Brightness: 300 nits, Refresh Rate, 60Hz, Wi-Fi 7 Bluetooth",,
"Windows 11 Home x 64 bits, preinstalado.
 Peso 1,92Kg. - 1080p Front-Facing Camera, Built-In Microphone",,
"LENOVO YOGA 7i (83TE001PUS) 16"" 2K OLED TOUCHSCREEN LAPTOP 2-IN-1 LUNA GREY [Pad Numérico]",USD 1.700,STK
"Processor: Intel Core Ultra 7 355, 8C (4P + 4LPE) / 8T, Max Turbo up to 4.7GHz, 12MB Intel Smart Cache, Memory: 24GB LPDDR5X-7467 megahertz RAM, Storage: 512GB M.2 2242 PCIe 4.0x4 NVMe SSD, Video Card: Integrated Intel Graphics, Display: 16"" WUXGA (1920x1200) OLED 300nits Glossy / Anti-fingerprint, 100% DCI-P3, 100% sRGB, 60Hz, Dolby Vision®, TÜV Low Blue Light, Glass, Touch, Wi-Fi® 7, 802.11be 2x2 + BT5.4",,
"Windows 11 Home x 64 bits, preinstalado.
 Peso 1,74Kg. - 5.0MP + IR with Privacy Shutter",,
"LENOVO THINKPAD E16 G2 (21MAA010US) 16"" FULLHD+ NOTEBOOK ECLIPSE BLACK [Pad Numérico]",USD 1.800,STK
"Processor: 1.7GHz Intel Core Ultra 7 155U, Memory: 32GB DDR5-5600MHz RAM, Storage: 1TB SSD, Video Card: Intel Graphics Integrated Graphics, Display: 16"" WUXGA (1920x1200) IPS Anti-Glare, Gigabit LAN 10/100/1000 Network, WiFi 6 (802.11ax), Bluetooth 5.2",,
"Windows 11 Home x 64 bits, preinstalado.
 Peso 1,81Kg. - 1080P IR with Privacy Shutter",,
"LENOVO THINKPAD E16 G3 (21SR007EUS) 16"" FULLHD+ NOTEBOOK ECLIPSE BLACK [Pad Numérico]",USD 2.000,STK
"Processor: 1.5GHz Intel Core Ultra 7 255H Up to 5.1GHz (16-core), Memory: 32GB DDR5-5600MHz RAM, Storage: 1TB SSD, Video Card: Intel Arc 140T Graphics, Display: 16"" WUXGA (1920x1200) IPS Matte Anti-Glare Refresh Rate
 60Hz Brightness 300 nits, Gigabit LAN 10/100/1000 Network, WiFi 6 (802.11ax), Bluetooth 5.3",,
"Windows 11 PRO x 64 bits, preinstalado.
 Peso 1,63Kg. - 1080P IR with Privacy Shutter",,
"LENOVO THINKPAD T16 G4 (21QFS1JG00) 16"" FHD+ TOUCHSCREEN LAPTOP BLACK (Pad Numerico)",USD 2.200,STK
"Processor: Intel® Core™ Ultra 7 Processor 255U (2P-core + 8 E-core) Up to 4.2GHz, Memory: 32GB LPDDR5x 5600MHz, Storage: 1TB NVMe M.2 Gen 4 SSD, Vodep Card: Integrated Intel® Graphics, Display: 16"" WUXGA (1920 x 1200) IPS Touchscreen, 400 Nits of Brightness, Intel® Wi-Fi® 6E AX211, 802.11ax 2x2 Wi-Fi® Bluetooth 5.3",,
"Windows 11 PRO x 64 bits, preinstalado.
 Peso 1,75Kg. - 5MP RGB with Microphone and Privacy Shutter",,
"LENOVO THINKBOOK 16 (21SKA0L3US) 16"" FULLHD+ TOUCHSCREEN ARCTIC GREY",USD 2.400,STK
"Processor: 2.3GHz Intel® Core™ Ultra 9 185H P-core / E-core 1.8GHz / LP E-core 1.0GHz, Memory: 32GB DDR5 5600 MHz SODIMM RAM, Storage: 1TB 2280 G4 TLC SSD, Video Card: Integrated Intel® Arc Graphics, Display: 16"" WUXGA (1920 x 1200) IPS Anti-glare, Intel® Wi-Fi® 6E AX211, 802.11ax 2x2 Wi-Fi® + Bluetooth® 5.3, M.2 card",,
"Windows 11 PRO x 64 bits, preinstalado.
 Peso 1,75Kg. - FHD 1080p with Privacy Shutter, Dual-microphone array",,
"LENOVO PRO 9i AURA (83U90005US) 16"" 3.2K OLED TOUCHSCREEN LAPTOP THUNDER GREY [Pad Numérico]",USD 3.500,STK
"Processor: Intel Core™ Ultra 9 386H 16C (4P + 8E + 4LPE) / 16T, Max Turbo 4.9GHz, 18MB Intel® Smart Cache, Memory: 32GB LPDDR5X-7467 RAM, Storage: 1TB SSD M.2 2242 PCIe® 4.0x4 NVMe®, Dislplay: 16"" 3.2K (3200x2000) Tandem OLED Touchscreen 1600nits (peak) / 1000nits (typical) Glossy / Anti-fingerprint, 100% sRGB, 120Hz, Dolby Vision®, DisplayHDRTM 1000, Corning® Gorilla® Glass 3, Wi-Fi® 7, 802.11be 2x2 + BT5.4, Lenovo Pen Gen 2",,
Video Card: NVIDIA GeForce RTX™ 5060 8GB GDDR7,,
"Windows 11 Home x64, preinstalado.
 Peso 1,99Kg. - 5MP Webcam with Microphone",,
MICROSOFT,,
"MICROSOFT SURFACE LAPTOP (EP2-59488) 13.8"" 2K TOUCHSCREEN SILVER",USD 1.850,STK
"Processor: Qualcomm Snapdragon X2 Elite X2E-80-100 (12-Core), Memory: 16GB LPDDR5x RAM, Storage: 512GB SSD, Video Card: Integrated Snapdragon Qualcomm Adreno Graphics, Display: 13.8"" Touchscreen PixelSense Flow™ 2304 x 1536 Screen Resolution Refresh Rate: 120Hz Brightness: 600 nits, Wi-Fi 7 (802.11be) | Bluetooth 5.4, Display connection via USB port",,
"Windows 11 Home, preinstalado.
 Peso: 1,40Kg. - Front Facing Camera Video Resolution 1440p (2K), 10MP Ultra HD Rear Camera",,
"MICROSOFT SURFACE LAPTOP (EP2-59499) 13.8"" 2K TOUCHSCREEN BLACK",USD 1.850,STK
"Processor: Qualcomm Snapdragon X2 Elite X2E-80-100 (12-Core), Memory: 16GB LPDDR5x RAM, Storage: 512GB SSD, Video Card: Integrated Snapdragon Qualcomm Adreno Graphics, Display: 13.8"" Touchscreen PixelSense Flow™ 2304 x 1536 Screen Resolution Refresh Rate: 120Hz Brightness: 600 nits, Wi-Fi 7 (802.11be) | Bluetooth 5.4, Display connection via USB port",,
"Windows 11 Home, preinstalado.
 Peso: 1,40Kg. - Front Facing Camera Video Resolution 1440p (2K), 10MP Ultra HD Rear Camera",,
"MICROSOFT SURFACE LAPTOP (EP2-59285) 13.8"" 2K PLUS TOUCHSCREEN PLATINUM",USD 2.300,STK
"Processor: Qualcomm Snapdragon X2 Elite X2E-80-100 (12-Core), Memory: 16GB LPDDR5x RAM, Storage: 1TB SSD, Video Card: Integrated Snapdragon Qualcomm Adreno Graphics, Display: 13.8"" LCD PixelSense Flow Touchscreen 2304 x 1536 Screen Resolution Refresh Rate: 120Hz Brightness: 600 nits, Wi-Fi 7 (802.11be) | Bluetooth 5.4, Display connection via USB port",,
"Windows 11 Home, preinstalado.
 Peso: 1,40Kg. - Front Facing Camera Video Resolution 1440p (2K), 10MP Ultra HD Rear Camera",,
"MICROSOFT SURFACE LAPTOP 8th Edition (EP2-60881) 15"" 3K PLUS TOUCHSCREEN PLATINUM",USD 1.950,STK
"Processor: Qualcomm Snapdragon X2 Plus X2P-64-100 (10-Core), Memory: 16GB LPDDR5x RAM, Storage: 512GB SSD, Video Card: Integrated Snapdragon Qualcomm Adreno Graphics, Display: 15"" LCD PixelSense Flow Touchscreen 3270 x 2180 Screen Resolution Refresh Rate: 120Hz Brightness: 600 nits, Wi-Fi 7 (802.11be) | Bluetooth 5.4, Display connection via USB port",,
"Windows 11 Home, preinstalado.
 Peso: 1,40Kg. - Front Facing Camera Video Resolution 1440p (2K), 10MP Ultra HD Rear Camera",,
"MICROSOFT SURFACE LAPTOP 8th Edition (EP2-60139) 15"" 3K PLUS TOUCHSCREEN BLACK",USD 2.400,STK
"Processor: Qualcomm Snapdragon X2 Elite X2E-80-100 (12-Core), Memory: 16GB LPDDR5x RAM, Storage: 1TB SSD, Video Card: Integrated Snapdragon Qualcomm Adreno Graphics, Display: 15"" LCD PixelSense Flow Touchscreen 3270 x 2180 Screen Resolution Refresh Rate: 120Hz Brightness: 600 nits, Wi-Fi 7 (802.11be) | Bluetooth 5.4, Display connection via USB port",,
"Windows 11 Home, preinstalado.
 Peso: 1,40Kg. - Front Facing Camera Video Resolution 1440p (2K), 10MP Ultra HD Rear Camera",,
MSI,,
"MSI Venture 16 AI (A2HMTG-032US) 16"" OLED TOUCHSCREEN LAPTOP BLACK",USD 1.750,STK
"Processor:2.7 - 5.4 GHz Intel® Core™ Ultra 9 285H (16 Cores), Memory: 32GB LPDDR5x RAM, Storage: 1TB SSD, Video Card: Integrated Intel® Arc™ 140T GPU, Display: 16"" OLED (2048 x 1280) Touchscreen 100% DCI-P3, Intel WiFi 6E AX211 & Bluetooth 5.32",,
"Windows 11 Home, preinstalado.
 Peso: 1,90Kg. -720p HD Webcam",,
"MSI Prestige 16 AI+ Copilot (C3MTG-227US) 16"" 2.8K OLED TOUCHSCREEN LAPTOP BLACK",USD 2.050,STK
"Processor: Intel® Core™ Ultra X7 358H (up to 4.8 GHz with Intel® Turbo Boost Technology, 18 MB L3 cache, 16 cores, 16 threads), Memory: 32GB LPDDR5x 8533MHz RAM, Storage: 1TB M.PCIe NVMe Solid State Drive, Video Card: Integrated Intel® Arc™ B390 GPU Graphics (12 Xe-cores), Display: 16"" 2.8K OLED (2880x1800), 120Hz, 100% DCI-P3, Touchscreen, Wi-Fi 7 + Bluetooth 6.0",,
"Windows 11 Home, preinstalado.
 Peso: 1,45Kg. - FHD (1080p) IR Webcam with Privacy Shutter",,
SAMSUNG,,
"SAMSUNG GALAXY BOOK 5 PRO (NP940XHA-KG1US) 14"" 3K AMOLED TOUCHSCREEN LAPTOP GRAY",USD 1.550,STK
"Processor: 3.6 gigahertz Intel Core Ultra 7 256V, Memory: 16GB LPDDR5X 7467 Mhz RAM, Storage: 512GB PCIe® NVMe™ M.2 Solid State Drive, Video Card: Integrated Intel Arc, Display: 14"" 2880 x 1800 AMOLED Touchscreen Refresh Rate 120Hz, AX Wi-Fi 6E Bluetooth",,
"Microsoft® Windows 11 Home (64-bit) , preinstalado
 Peso 1.23Kg, Integrated 720p Webcam",,
"SAMSUNG GALAXY BOOK 4 EDGE (NP750XQB-KA2US) 15.6"" FHD LED LATOP SHAPPIRE BLUE [Pad Numérico]",USD 920,STK
"Processor: 3 gigahertz Snapdragon X X1-26-100, Memory: 16GB LPDDR5X RAM, Storage: 512GB UFS, Video Card: 
 Snapdragon Qualcomm Adreno Integrated, Display: 15.6"" Full HD (1920 x 1080) IPS Copilot+ PC Refresh Rate: 60Hz, Anti-glare, Brightness: 300 nits Wi-Fi 7, Bluetooth",,
"Microsoft® Windows 11 Home (64-bit) , preinstalado
 Peso 1.50Kg, Integrated 720p Webcam",,
"SAMSUNG GALAXY BOOK 5 360 Copilot+ PC (NP750QHA-KA1US) 15.6"" FHD OLED AMOLED TOUCHSCREEN LAPTOP GRAY [Pad Numérico]",USD 1.800,STK
"Processor: 2.2 gigahertz Intel Core Ultra 7 Series 2 256V (8-core), Memory: 16GB LPDDR5X RAM, Storage: 512GB PCIe® NVMe™ M.2 Solid State Drive, Video Card: Intel Arc Integrated, display: 15.6"" Full HD (1920 x 1080) Oled amoled Touchscreen 60Hz, Wi-Fi, Bluetooth",,
"Microsoft® Windows 11 Home (64-bit) , preinstalado
 Peso 1.23Kg, Integrated 720p Webcam",,
"SAMSUNG GALAXY BOOK6 PRO (NP940XJG-KG2US) 14"" 3K AMOLED TOUCHSCREEN LAPTOP GRAY",USD 1.850,STK
"Processor: Processor: Intel® Core™ Ultra 7 356H (18M Cache, up to 4.70 GHz), Intel® NPU, Memory: 16GB LPDDR5X, Storage: 512GB NVMe SSD, Display: 14"" WQXGA+ (2880 x 1800) Touchscreen Dynamic AMOLED 2X, Anti-Reflective, Wi-Fi 7, 802.11 a/b/g/n/ac/ax/be, Bluetooth v5.4, FingerPrint Reader",,
Video Card: Intel® Graphics,,
"Microsoft® Windows 11 Home (64-bit) , preinstalado
 Peso 2.73Kg, 2M Camera, Internal Dual Array Digital Mic",,
"SAMSUNG GALAXY BOOK 6 (NP760XJG-KG2US) 16"" TOUCHSCREEN IPS LED TOUCHSCREEN LAPTOP GRAY",USD 1.550,STK
"Processor: Intel Core Ultra 7 Series 3 355 L3 12 megabytes, Memory: 16GB LPDDR5X, Storage: 512GB SSD, Video Card: Intel Arc Integrated Graphics, Display: 16"" Full HD+ (1920 x 1200) LED IPS Touch Screen Refresh Rate 120Hz Brightness: 350 nits, Wi-Fi, Bluetooth",,
"Microsoft® Windows 11 Home (64-bit) , preinstalado
 Peso 1.85Kg, Integrated 1080p Webcam",,
SAMSUNG GALAXY BOOK 5 PRO 360 (NP960QHA-KG3US) Copilot+ PC 16” 3K AMOLED TOUCHSCREEN LAPTOP 2-in-1 GRAY [Pad Numérico] S Pen Included,USD 2.200,STK
"Processor: Intel® Core™ Ultra 7 258V (P-core Up to 4.8 GHz 12 MB LLC Cache), NPU - Intel® AI Boost, Memory: 32GB LPDDR5X RAM, Storage: 1TB NVMe SSD, Video Card: Intel® Arc™ 140V GPU (16 GB), Display: 16"" WQXGA+ AMOLED Display (2880 x 1800), Anti-Reflective, Touchscreen Panel, S Pen Support, Wi-Fi 7, 802.11 be, Bluetooth v5.4",,
"Microsoft® Windows 11 Home (64-bit) , preinstalado
 Peso 1.65Kg, 2M Camera, Internal Dual Array Digital Mic",,
"SAMSUNG GALAXY BOOK6 PRO (NP960XJG-KA2US) 16"" 3K AMOLED TOUCHSCREEN LAPTOP GRAY",USD 2.400,STK
"Processor: Processor: Intel® Core™ Ultra 7 356H (18M Cache, up to 4.70 GHz), Intel® NPU, Memory: 16GB LPDDR5X RAM, Storage: 1TB NVMe SSD, Video Card: Intel® Graphics, Display: 16"" WQXGA+ (2880 x 1800) Touchscreen Dynamic AMOLED 2X, Anti-Reflective 120Hz, Wi-Fi 7, 802.11 a/b/g/n/ac/ax/be, Bluetooth v5.4, FingerPrint Reader",,
"Microsoft® Windows 11 Home (64-bit) , preinstalado
 Peso 2.73Kg, 2M Camera, Internal Dual Array Digital Mic",,
ASUS GAMER,,
"ASUS ROG Strix G16 (G615LP-MS96) 16""2.5K GAMING NOTEBOOK 240Hz ECLIPSE GRAY",USD 2.800,CONS
"Processor: 2.1GHz Intel Core Ultra 9 Series 2 Core Ultra 275HX, Memory: 32GB DDR5 5600MHz RAM, Storage: 1TB PCIe® 4.0 NVMe™ M.2 Solid State Drive, Display: 16"" 2.5K (2560x1600) IPS Anti-Glare Refresh Rate 240Hz Brightness: 500 nits, 2.5Gb 10/100/1000/2500Mbps LAN Wi-Fi 7 802.11be+Bluetooth 5.4 Wireless Card",,
Video Card: NVIDIA GeForce RTX 5070 8GB GDDR7,,
"Windows 11 Home x64, preinstalado.
 Peso 3,00Kg. - 720P HD camera 2-speaker system with Smart Amplifier Technology",,
"ASUS ROG Strix G16 (G615LR-MS97) 16"" 2.5K GAMING NOTEBOOK ECLIPSE GRAY",USD 3.400,STK
"Processor: 2.1GHz Intel Core Ultra 9 Series 2 Core Ultra 275HX, Memory: 32GB DDR5 5600MHz RAM, Storage: 2TB PCIe® 4.0 NVMe™ M.2 Solid State Drive, Display: 16"" 2.5K (2560x1600) IPS Anti-Glare Refresh Rate 240Hz Brightness: 500 nits, 
 2.5Gb 10/100/1000/2500Mbps LAN Wi-Fi 7 802.11be+Bluetooth 5.4 Wireless Card",,
Video Card: NVIDIA GeForce RTX 5070 Ti 12GB GDDR7,,
"Windows 11 Home x64, preinstalado.
 Peso 3,00Kg. - 720P HD camera 2-speaker system with Smart Amplifier Technology",,
"ASUS ROG ZEPHYRUS G16 (GU605CX-G16.U9X5090) 16"" 2.5K OLED GAMING LAPTOP IPS 240Hz ECLIPSE GRAY",USD 5.000,STK
"Processor: 2.5GHz Intel Core Ultra 9 Series 2 Core Ultra 285H up to 5.4 gigahertz (16-core), Memory: 32GB DDR5 7467MHz RAM, Storage: 2TB PCIe® 4.0 NVMe™ M.2 Solid State Drive, Display: 16"" 2.5K (2560x1600) IPS Anti-Glare Refresh Rate 240Hz Brightness: 500 nits, 2.5Gb 10/100/1000/2500Mbps LAN Wi-Fi 7 802.11be+Bluetooth 5.4 Wireless Card",,
Video Card: NVIDIA GeForce RTX 5090 24GB GDDR7,,
"Windows 11 Home x64, preinstalado.
 Peso 1,95Kg. - 720P HD camera 2-speaker system with Smart Amplifier Technology",,
"ASUS TUF A18 (FA808UM-IS74) 18"" 2K GAMING LAPTOP IPS 144Hz GRAY",USD 1.850,STK
"Processor: 3.8GHz AMD Ryzen™ 7 260 (24MB Cache, up to 5.1 GHz, 8 cores, 16 Threads), AMD XDNA™ NPU up to 16TOPS, Memory: 16GB DDR5 5600 MHz RAM, Storage: 1TB PCIe® 4.0 NVMe™ M.2 Solid State Drive, Display: 18"" Full HD+ (1920 x 1200, WUXGA), 16:10 aspect ratio, 30nits 144Hz refresh rate, RJ45 LAN port (left) Wi-Fi 6E(802.11ax) (Triple band) 2*2 + Bluetooth® 5.3 , Backlit Chiclet Keyboard 1-Zone RGB",,
Video Card: NVIDIA GeForce RTX 5060 8GB GDDR7,,
"Windows 11 Home x64, preinstalado.
 Peso 3,00Kg. - 1080P FHD IR Camera for Windows Hello Built-in array microphone; 1x 35mm Combo Audio Jack",,
"ASUS ROG Strix NEBULA G18 (G815LM-IB96) 18"" 2,5K GAMING LAPTOP IPS ECLIPSE GRAY  (Pad Numérico)",USD 3.000,STK
"Processor: 2.7 GHz Intel® Core™ Ultra 9 Processor 290HX PLUS (36MB Cache, up to 5.5 GHz, 24 cores, 24 Threads), Memory: 32GB DDR5 5600 SO-DIMM RAM, Storage: 1TB PCIe® 4.0 NVMe™ M.2 SSD, 18'' 2.5K (2560x1600), IPS, 300Hz refresh rate, 3ms, G-Sync; 16:10 aspect ratio; 500nits, RJ45 LAN port, Wi-Fi 7(802.11be) (Triple band) 2*2 + Bluetooth® 5.4 Wireless Card, Backlit 4-Zone RGB Chiclet Keyboard with Copilot key",,
Video Card: NVIDIA® GeForce RTX™ 5060 Laptop GPU 8GB DDR7,,
"Windows 11 Home x64, preinstalado.
 Peso 3,00Kg. - 1080P FHD IR Camera for Windows Hello, Built-in array microphone2",,
"ASUS ROG STRIX 18 (G815LR-IS97) 18"" 2.5K WQXGA GAMING LAPTOP 240Hz ECLIPSE GRAY (Pad Numerico)",USD 3.400,STK
"Processor: Intel® Core™ Ultra 9 Processor 275HX 2.7 GHz (36MB Cache, up to 5.4 GHz, 24 cores, 24 Threads), Memory: 32GB DDR5 5600MHz RAM, Storage: 2TB PCIe® 4.0 NVMe™ M.2 Solid State Drive, Display: ROG Nebula Display;18""; 2.5K (2560x1600, WQXGA) 16:10 aspect ratio, 500nits 240Hz refresh rate, Wi-Fi 7(802.11be) (Triple band), Bluetooth® 5.4",,
"Video Card: NVIDIA® GeForce RTX™ 5070 Ti, 12GB GDDR7",,
"Windows 11 Home x64, preinstalado.
 Peso 3,00Kg. - 1080P FHD IR Camera for Windows Hello, Built-in array microphone",,
"ASUS ROG STRIX G18 (G815LW-G18.U95080) 18"" 2.5K WQXGA GAMING LAPTOP 240Hz ECLIPSE GRAY (Pad Numerico)",USD 3.900,STK
"Processor: Intel® Core™ Ultra 9 Processor 275HX 2.7 GHz (36MB Cache, up to 5.4 GHz, 24 cores, 24 Threads), Memory: 32GB DDR5 5600MHz RAM, Storage: 2TB PCIe® 4.0 NVMe™ M.2 Solid State Drive, Display: ROG Nebula Display;18""; 2.5K (2560x1600, WQXGA) 16:10 aspect ratio, 500nits 240Hz refresh rate, Wi-Fi 7(802.11be) (Triple band), Bluetooth® 5.4",,
Video Card: NVIDIA GeForce RTX 5080 16GB GDDR7,,
"Windows 11 Home x64, preinstalado.
 Peso 3,48Kg. - 1080P FHD IR Camera for Windows Hello",,
"ASUS ROG Strix SCAR 18 (G835LX-XS98) 90NR0LF1-M00730 18"" 2.5K WQXGA GAMING LAPTOP OFF BLACK",USD 5.900,CONS
"Processor: 2.7GHz Intel Core Ultra 9 275HX (36MB Cache, up to 5.4 GHz, 24 cores, 24 Threads), Memory: 64GB DDR5-5600 RAM, Storage: 2TB PCIe® 4.0 NVMe™ M.2 Performance SSD, Display: 18"" 2.5K (2560 x 1600) WQXGA WQXGA Mini LED Anti-Glare 240Hz, Wi-Fi 7(802.11be) (Triple band), Bluetooth® 5.4 Wireless Card",,
Video Card: NVIDIA GeForce RTX 5090 24GB GDDR7,,
"Windows 11 Home x64, preinstalado.
 Peso 3,48Kg. - 1080P FHD IR Camera for Windows Hello, Built-in array microphone",,
DELL GAMER,,
"DELL ALIENWARE (LDA15265-7256BLK) 15.3"" 2K GAMING LAPTOP 165Hz BLACK",USD 2.400,STK
"Processor: 3.8 gigahertz AMD Ryzen 7 260 (8-core), Memory: 32GB DDR5 5600 megahertz RAM, Storage: 1TB PCIe® NVMe™ M.2 Solid State Drive, Display: 15.3"" Full HD+ (1920 x 1200) LCD Refresh Rate: 165Hz, Brightness: 300 nits, Wi-Fi 6 Bluetooth",,
Video Card: NVIDIA GeForce RTX 5060 8GB,,
"Windows 11 Home x64 bits, preinstalado
 Peso 2,69 Kg, FHD IR Camera Display with dual-array microphones,",,
"DELL ALIENWARE 18 AREA-51 (LAA18250-9444B) 18"" QHD+ GAMING LAPTOP LIQUID TEAL",USD 3.900,STK
"Processor: Intel® Core Ultra 9 275HX (24-Core, 36MB Total Cache, 2.7GHz to 5.4GHz), Memory: 32GB 6400 MT/s RAM, Storage: 2TB PCIe® NVMe™ M.2 Solid State Drive, Display: 18"" QHD+ ComfortView+ Anti-Glare Display, Ethernet Card: Killer E5000 2.5GbE LAN, Intel Killer Wi-Fi 7 BE1750, Bluetooth 5.4",,
Video Card: NVIDIA® GeForce RTX™ 5070 Ti 12GB GDDR7,,
"Windows 11 Home x64 bits, preinstalado
 Peso 4,34 Kg, FHD IR Camera Display with dual-array microphones,",,
"DELL ALIENWARE AREA-51 (LAA18250-9383BLU) 18"" QHD+ GAMING LAPTOP 300Hz LIQUID TEAL",USD 4.900,STK
"Processor: Intel® Core Ultra 9 processor 275HX (24-Core, 36MB Total Cache, 2.7GHz to 5.4GHz), Memory: 64GB DDR5 6400 RAM, Storage: 2TB M.2 PCIe NVMe SSD, Display: 18"" QHD+ (2560 x 1600) 300Hz, 3ms, ComfortView Plus, NVIDIA G-SYNC + DDS, 100% DCI-P3, FHD IR Camera, Intel Killer™ 1750 and Bluetooth 5.4",,
Video Card: NVIDIA GeForce RTX 5090 (24GB GDDR7),,
"Windows 11 Home x64 bits, preinstalado
 Peso 4,23Kg, Integrated 1080p at 30 fps FHD IR camera Dual-array microphones",,
HP GAMER,,
"HP HyperX OMEN (15-ga0103cl) 15.3"" 2.5K IPS GAMING LAPTOP 180Hz BLACK",USD 2.800,STK
"Processor:Intel® Core™ Ultra 9 275HX up to 5.4 GHz with Intel® Turbo Boost Technology (24 cores), Memory: 32GB DDR5-5600 MT/s RAM, Storage: 1TB PCIe® Gen4 NVMe™ M.2 SSD, Display: 15.3"" 2.5K (2560 x 1600), up to 180 Hz, 3 ms response time, IPS, micro-edge, anti-glare, Low Blue Light, 500 nits, 100% sRGB, Variable Refresh Rate support, Wi-Fi 7 (2x2) and Bluetooth® 6.0 wireless card, Integrated 10/100/1000 GbE LAN, HyperX with dual speakers, DTS: X® Ultra",,
Video Card: NVIDIA® GeForce RTX™ 5070 Laptop GPU (8 GB GDDR7 dedicated),,
"Windows 11 Home x64 bits, preinstalado
 Peso 2,53Kg, 1080P FHD camera with HDR auto switch and temporal noise reduction",,
"HP OMEN 16 SLIM (16-an0003nr) 16"" 2K IPS GAMING LAPTOP 165Hz SHADOW BLACK [Pad Numérico]",USD 2.400,STK
"Processor: 1.5GHz Intel Core Ultra 7 255H (Series 2) Up to 5.1GHz (16-core), Memory: 32GB DDR5-5600 RAM, Sorage: 1TB PCIe Gen4 NVMe M.2 SSD, Display: 16"" 2K IPS Micro-Edge Low Blue Light Anti-Glare Refresh Rate: 60-165Hz, 10/100/1000 Network, WiFi 6E+Bluetooth 5.3 Wireless Card, Full-size 4-zone RGB backlit 26-Key Rollover Anti-Ghosting Key Technology",,
Video Card: NVIDIA GeForce RTX 5070 8GB GDDR7,,
"Windows 11 Home x64, preinstalado. 
 Peso 2,45Kg. - 1080P Webcam and Microphone",,
"HP HyperX OMEN MAX (16-ah1023dx) 16"" 2K OLED GAMING LAPTOP 240Hz SHADOW BLACK",USD 3.800,STK
"Processor: 5.5 gigahertz Intel Core Ultra 9 Series 290HX Plus (24-core), Memory: 32GB DDR5-5600 RAM, Storage: 1TB Solid State Drive PCIe 4.0, Display: 16"" 2K (2560 x 1600) UWVA OLED GAMING Refresh Rate: 240Hz, Synchronization Technology: G-SYNC (NVIDIA Adaptive Sync), Brightness: 1100 nits, Wi-Fi 7 Bluetooth, Power Supply Maximum Wattage
 460 watts, Speaker Type: HyperX with dual speakers",,
Video Card: NVIDIA GeForce RTX 5070 Ti 12GB GDDR7,,
"Windows 11 Home x64, preinstalado. 
 Peso 2,98Kg. - 1080P Webcam and Microphone",,
LENOVO GAMER,,
"LENOVO LEGIO 5 (83Q6003BUS) 15.3"" 2.5K OLED GAMING LAPTOP 165Hz ECLIPSE BLACK [Pad Numérico]",USD 2.800,STK
"Processor: AMD Ryzen™ AI 9 465 (10C / 20T, 2.0 / 5.0GHz, 10MB L2 / 24MB L3), Memory: 32GB SODIMM DDR5-5600 RAM, Storage: 1TB SSD M.2 2242 PCIe® 4.0x4 NVMe®, Display: 15.3"" WQXGA (2560x1600) OLED 1000nits (peak) / 500nits (typical) Glossy, 100% DCI-P3, 165Hz, G-SYNC®, DisplayHDR™ True Black 1000, 100/1000M (RJ-45) Wi-Fi® 7, 802.11be 2x2 + BT5.4, 24-Zone RGB Backlit, English",,
Video Card: NVIDIA® GeForce RTX™ 5070 8GB GDDR7,,
"Windows 11 Home x64, preinstalado. 
 Peso 1,87Kg. - 5.0MP with E-shutter Privacy Shutter and Microphone",,
"LENOVO LEGION 7A (83Q8001HUS) 16"" 2.5K OLED GAMING LAPTOP 240Hz GLACIER WHITE",USD 3.800,STK
"Processor: 2 gigahertz AMD Ryzen Al 9 HX 470 (12-core), , Memory: 32GB LPDDR5X 8533 megahertz RAM, Storage: 1TB SSD, Display: 16"" OLED (2560 x 1600) Refresh Rate: 240Hz, Brightness: 500 nits, Wi-Fi 7 Bluetooth",,
Video Card: NVIDIA® GeForce RTX™ 5070 8GB GDDR7,,
"Windows 11 Home x64, preinstalado. 
 Peso 1,80Kg. - 5.0MP with E-shutter Privacy Shutter and Microphone",,
"LENOVO LEGION PRO 5i (83LU0052US) 16"" 3K OLED GAMING LAPTOP 240Hz ECLIPSE BLACK [Pad Numérico]",USD 3.400,STK
"Processor: 2.1GHz Intel Core Ultra 9 275HX, 24C (8P + 16E) / 24T, Max Turbo up, Memory: 32GB CSODIMM DDR5-5600hz RAM, Storage: 1TB SSD M.2 2280 PCIe® 4.0 Performance NVMe®, Display: 16"" WQXGA (2560x1600) OLED 500nits Glossy, 100% DCI-P3, 240Hz, DisplayHDR™ True Back 1000, Dolby Vision®, G-SYNC®, Low Blue Light, High Gaming Performance, Flicker Free, 2.5GbE (RJ-45) Wi-Fi® 7, 802.11be 2x2 + BT5.4",,
Video Card: NVIDIA GeForce RTX 5070 Ti 12GB GDDR7,,
"Windows 11 Home x64, preinstalado. 
 Peso 2,05Kg. - 5.0MP with E-shutter Privacy Shutter and Microphone",,
"LENOVO LEGION PRO 7 (83RU0005US) 16"" 2.5K OLED GAMING LAPTOP 240Hz ECLIPSE BLACK [Pad Numérico]",USD 4.900,ING
"Processor: AMD Ryzen 9000 Series 9955HX3D 2.5GHz Up to 5.4GHz (16 Core), Memory: 64GB DDR5-5600 RAM, Storage; 2TB M.2 Solid State Drive, Display: 16"" WQXGA OLED (2560x1600) Glossy 240Hz Brightness 500 nits, 2.5Gb LAN Wireless LAN Wifi 7 (802.11be) Bluetooth 5.4, Per-key RGB Backlit",,
Video Card: NVIDIA GeForce RTX 5080 16GB GDDR7,,
"Windows 11 Home x64, preinstalado. 
 Peso 2,62Kg. - 5.0MP with E-shutter Privacy Shutter and Microphone",,
"LENOVO LEGIO PRO 5i (83F3000HUS) 16"" 2.5K OLED GAMING LAPTOP 165Hz ECLIPSE BLACK (Pad Numerico)",USD 3.100,ING
"Processor: Intel® Core™ Ultra 9 Processor 275HX, 24C (8P + 16E), Memory: 32GB DDR5-5600 RAM, Storage: 1TB Solid State Drive M.2 2242, Display: 16"" WQXGA (2560x1600) OLED 500nits (Typical) 165Hz, Wi-Fi® 7, 802.11be 2x2 + BT5.4",,
NVIDIA® GeForce RTX™ 5070 8GB GDDR7,,
"Windows 11 Home x64, preinstalado. 
 Peso 2,05Kg. - 5.0MP with E-shutter Privacy Shutter and Microphone",,
"LENOVO LEGION PRO 7 (83RU004AUS) 16"" 3K OLED LAPTOP 240Hz ECLIPSE BLACK [Pad Numérico]",USD 4.600,STK
"Processor: 2.5 gigahertz AMD Ryzen 9 9955HX3D Series (16-core) , Memory: 32GB 5600 megahertz RAM, Storage: 1TB SSD M.2 2280 PCIe® 4.0 Performance NVMe®, Display: 16"" WQXGA (2560x1600) OLED 500nits Glossy, 100% DCI-P3, 240Hz, DisplayHDR™ True Back 1000, Dolby Vision®, G-SYNC®, Low Blue Light, High Gaming Performance, Flicker Free, 2.5GbE (RJ-45) Wi-Fi® 7, 802.11be 2x2 + BT5.4",,
Video Card: NVIDIA GeForce RTX 5080 16GB GDDR7 DLSS 4 (Deep Learning Super Sampling),,
"Windows 11 Home x64, preinstalado. 
 Peso 2,62Kg. - 5.0MP with E-shutter Privacy Shutter and Microphone",,
"LENOVO LEGION PRO 7 (83F500M6US) 16"" OLED GAMING LAPTOP 240Hz ECLIPSE BLACK [Pad Numérico]",USD 5.700,STK
"Processor: 1.8GHz Intel Core Ultra 9 290HX Plus, Memory: 64GB DDR5-6400 RAM, Storage: 2TB PCIe Gen4 x4 NVMe M.2 SSD, Display: 16"" WQXGA OLED Low Blue Light Glossy 240Hz, 2.5GbE LAN, WiFi 7 802.11be+Bluetooth 5.4",,
Video Card: NVIDIA GeForce RTX 5080 16GB GDDR7,,
"Windows 11 Home x64, preinstalado. 
 Peso 2,56Kg. - 5.0MP with E-shutter Privacy Shutter and Microphone",,
"LENOVO LEGION PRO 7  (83F500M5US) 16"" OLED GAMING LAPTOP 240Hz ECLIPSE BLACK [Pad Numérico]",USD 6.800,ING
"Processor: Intel Core™ Ultra 9 290HX Plus, 24C (8P + 16E) / 24T, Max Turbo up to 5.5GHz, Memory: 64GB CSODIMM DDR5-6400, Storage: 2TB SSD M.2 2280 PCIe® 5.0x4 Performance NVMe®, Display: 16"" WQXGA (2560x1600) OLED 500nits (typical) / 1100nits (peak) Glossy, 100% DCI-P3, 240Hz, DisplayHDR™ True Black 1000, Dolby Vision®, G-SYNC®, Low Blue Light, High Gaming Performance, Flicker Free",,
Video Card: NVIDIA GeForce RTX™ 5090 24GB GDDR7,,
"Windows 11 Home x64, preinstalado. 
 Peso 2,57Kg. - 5.0MP with E-shutter Privacy Shutter and Microphone",,
"LENOVO LEGION 9I (83EY006QUS) 18"" IPS GAMING LAPTOP 240Hz ECLIPSE BLACK [Pad Numérico]",USD 5.900,STK
"Processor: 1.8GHz Intel Core Ultra 9 290HX Plus , Memory: 64GB DDR5-5200 RAM, Storage: 2TB SSD M.2 2280 PCIe® 4.0 Performance NVMe®, Display: 18"" WQXGA IPS Low Blue Light 240Hz Display, DisplayHDR™ True Back 1000, Dolby Vision®, G-SYNC®, Low Blue Light, High Gaming Performance, Flicker Free, 2.5GbE (RJ-45) Wi-Fi® 7, 802.11be 2x2 + BT5.4",,
Video Card: NVIDIA GeForce RTX 5080 16GB GDDR7,,
"Windows 11 Home x64, preinstalado. 
 Peso 3,49Kg. - 5.0MP with E-shutter Privacy Shutter and Microphone",,
"LENOVO LEGION 9i (83EY006RUS) 18"" 4K IPS GAMING LAPTOP 240Hz ECLIPSE BLACK [Pad Numérico]",USD 6.800,ING
"Processor: 1.8GHz Intel Core Ultra 9 290HX Plus , Memory: 64GB DDR5-5200 RAM, Storage: 2TB SSD M.2 2280 PCIe® 4.0 Performance NVMe®, Display: 18"" WQXGA IPS Low Blue Light 240Hz Display, DisplayHDR™ True Back 1000, Dolby Vision®, G-SYNC®, Low Blue Light, High Gaming Performance, Flicker Free, 2.5GbE (RJ-45) Wi-Fi® 7, 802.11be 2x2 + BT5.4",,
Video Card: NVIDIA GeForce RTX 5090 24GB GDDR7,,
"Windows 11 Home x64, preinstalado. 
 Peso 3,49Kg. - 5.0MP with E-shutter Privacy Shutter and Microphone",,
MSI GAMER,,
"MSI Cyborg 15 (B2RWEKG-293US) 15,6"" FULL HD IPS GAMING LAPTOP TRANSLUCENT BLACK",USD 1.600,STK
"Processor: 1.8 GHz Base, 4.0 GHz Turbo Intel Core 7 Series 240H Up to 5.2GHz Ten-Core, Memory: 16GB DDR5-5600 MHz RAM, Storage: 1TB NVMe Gen4x4 M.2 SSD, Display: 15.6"" Full HD IPS (1920x1080) 144Hz, 10/100/1000Mbps, Intel Wireless Wi-Fi 6E AX211, Bluetooth 5.3",,
Video Card: NVIDIA GeForce RTX 5050 Graphics Card,,
"Windows 11 Home x 64 bits, preinstalado
 Peso 1,95Kg, Integrated 720p HD Privacy Shutter Front Camera",,
"MSI Crosshair 16 HX AI (D2XWFKG-210US) 16"" Gaming Laptop Computer - Cosmo Gray",USD 2.400,STK
"Processor: 1.8GHz Intel Core Ultra 7 255HX, Memory: 32GB DDR5-5600 RAM, Storage:1TB NVMe Gen4x4 M.2 SSD, Display: 16"" QHD+ WVA 240Hz, Intel Wi-Fi 6E AX211, Bluetooth 5.3, 10/100/1000 Network",,
Video Card: NVIDIA GeForce RTX 5060 Graphics Card,,
"Windows 11 Home x 64 bits, preinstalado
 Peso 2,50Kg, Integrated 1080p FHD Webcam Privacy Shutter IR FHD with Shutter",,
"MSI Crosshair 16 Max (E2WFK-027US) 16"" QHD+ OLED IPS GAMING LAPTOP BLACK",USD 3.000,STK
"Processor: Intel® Core™ Ultra 9 275HX (24 Cores, 2.1 - 5.4 GHz), Memory: 32GB DDR5-5600 RAM, Storage:1TB NVMe Gen4x4 M.2 SSD, Display: 16"" QHD+(2560x1600) 240Hz IPS Panel, Intel Wi-Fi 6E AX211, Bluetooth 5.3, 10/100/1000 Network",,
Video Card: NVIDIA® GeForce RTX™ 5060 8GB GDDR7,,
"Windows 11 Home x 64 bits, preinstalado
 Peso 3,10Kg, Integrated 1080p FHD Webcam Privacy Shutter IR FHD with Shutter",,
"MSI RAIDER 16 Max HX (RAIDER16MXHXB4) 16"" OLED GAMING LAPTOP 240Hz CORE BLACK",USD 3.400,STK
"Processor: 1.8GHz Intel Core Ultra 9 Series 2 290HX Plus Twenty-Four-Core, Memory: 32GB DDR5-5600 RAM, Storage: 1TB PCIe Gen4 x4 NVMe M.2 SSD, Display: 16"" QHD+ OLED (2560x1600) 240Hz, 2.5GbE LAN, Intel Killer Wi-Fi 7 BE1750, Bluetooth 5.4, Per-key RGB",,
Video Card: NVIDIA GeForce RTX 5070 Ti 12GB GDDR7,,
"Windows 11 Home x 64 bits, preinstalado
 Peso 2,60Kg, Integrated 1080p FHD Webcam Privacy Shutter IR FHD with Shutter",,
"MSI Crosshair 16 Max (E2WGXK-028US)(CROSSHAIR16MAXH) 16"" OLED GAMING LAPTOP 165Hz CORE BLACK",USD 2.900,STK
"Processor: 1.8GHz Intel Core Ultra 9 290HX Plus, Memory: 32GB DDR5-5600 RAM, Storage: 1TB PCIe Gen4 x4 NVMe M.2 SSD, Display: 16"" QHD+ OLED 165Hz, Intel Wi-Fi 6E AX211, Bluetooth 5.3, 10/100/1000 Network",,
Video Card: NVIDIA GeForce RTX 5070 12GB GDDR7,,
"Windows 11 Home x 64 bits, preinstalado
 Peso 2,60Kg, Integrated 1080p FHD Webcam Privacy Shutter IR FHD with Shutter",,
"MSI Stealth (B3WH-059US) 16"" QHD+ OLED GAMING LAPTOP 240hz CORE BLACK",USD 4.000,STK
"Processor: Intel® Core™ Ultra 9 386H (16 Cores, 1.6 - 4.9 GHz), Memory: 32GB DDR5 5600MHz, Storage: 2TB NVMe SSD, Display: 16"" 16:10 QHD+ (2560 x 1600) OLED, 240hz Display, 100% DCI-P3, Wi-Fi 7 and Bluetooth® v6, IR FHD type (30fps@1080p) with HDR, 4-Zone RGB Gaming Keyboard",,
Video Card: NVIDIA GeForce RTX 5070 12GB GDDR7,,
"MSI RAIDER 16 Max HX (B2WI-003US) (RAIDER16MXHXB3) 16"" OLED GAMING LAPTOP 240Hz CORE BLACK",USD 3.800,STK
"Processor: 1.8GHz Intel Core Ultra 9 Series 2 290HX Plus Twenty-Four-Core, Memory: 32GB DDR5-6000 RAM, Storage: 1TB PCIe Gen4 x4 NVMe M.2 SSD, Display: 16"" QHD+ OLED (2560x1600) 240Hz, 2.5GbE LAN, Intel Killer Wi-Fi 7 BE1750, Bluetooth 5.4, Per-key RGB",,
Video Card: NVIDIA GeForce RTX 5080 16GB GDDR7,,
"Windows 11 Home x 64 bits, preinstalado
 Peso 2,60Kg, Integrated 1080p FHD Webcam Privacy Shutter IR FHD with Shutter",,
"MSI Vector 16 HX AI (A2XWIG-420US) (VECTOR16HXA2420) 16"" QHD+ GAMING LAPTOP COSMO GRAY",USD 3.600,STK
"Processor: Intel Core Ultra 9 275HX (2.1GHz - 5.4GHz) , Memory: 32GB LPDDR5 5600 megahertz RAM, Storage: 1TB PCIe® Gen 4 Solid State Drive, Display: 16"" QHD+ WVA 240Hz Display, 2.5GbE LAN, Killer WiFi 7 BE1750, Bluetooth 5.4",,
Video Card: NVIDIA GeForce RTX 5080 16GB GDDR7,,
"Windows 11 Home x 64 bits, preinstalado
 Peso 2,60Kg, Integrated 1080p FHD Webcam Privacy Shutter IR FHD with Shutter",,
"MSI RAIDER 16 Max HX B2WJ-002US (RAIDER16MXHXB20) 16"" OLED GAMING LAPTOP 240Hz CORE BLACK",USD 4.500,STK
"Processor: 1.8GHz Intel Core Ultra 9 Series 2 290HX Plus Twenty-Four-Core, Memory: 32GB DDR5-5600 RAM, Storage: 1TB PCIe Gen4 x4 NVMe M.2 SSD, Display: 16"" QHD+ OLED (2560x1600) 240Hz, 2.5GbE LAN, Intel Killer Wi-Fi 7 BE1750, Bluetooth 5.4, Per-key RGB",,
Video Card: NVIDIA GeForce RTX 5090 24GB GDDR7,,
"Windows 11 PRO x 64 bits, preinstalado
 Peso 2,60Kg, Integrated 1080p FHD Webcam Privacy Shutter IR FHD with Shutter",,
"MSI Raider 18 HX 18""  (18A2XWIG-420US) QHD+ GAMING LAPTOP 240Hz BLACK",USD 3.700,STK
"Processor: base 2.1 GHz Intel® Core™ Ultra 9 285HX up 5,5 GHz (24 Cores), Memory: 32GB DDR5-5600 megahertz RAM, Storage: 1TB PCIe® Gen 4 Solid State Drive, Display: 18"" QHD+ (2560 x 1600) 240Hz 100% DCI-P3 IPS-Level Display, Killer Wi-Fi 7 BE1750 & Bluetooth 5.4",,
Video Card: NVIDIA® GeForce RTX™ 5080 Laptop GPU (16GB GDDR7),,
"Windows 11 Home x 64 bits, preinstalado
 Peso 3,60Kg, Integrated IR FHD Webcam with Privacy Shutter",,
DELL ALL IN ONE,,
"DELL (DEC24260-7157WHT) 23.8"" FULLHD TOUCHSCREEN ALL IN ONE WHITE",USD 1.950,STK
"Processor: Intel® Core Ultra 7 processor 355, Memory: 16GB DDR5 5600 MT/s RAM, Storage: 1TB M2 PCIe NVMe SSD, Video Card: Integrated Intel® Graphics, Display: 23.8"" FHD Touchscreen (60 to 75 Hz), WVA, Anti-Glare, 300 nit, 99% sRGB, Pen Support, 10/100/1000 Mbps RJ-45 Ethernet, Intel® Wi-Fi 7, BE213 802.11be, Bluetooth® 6.0 wireless card",,
"Windows 11 Home x64 bits, preinstalado.
 Dell Pro 5 Keyboard and Mouse - KM526 - US English - Light Ash",,
"DELL (DEC27260-7201WHT) 27"" FULLHD IPS TOUCHSCREEN ALL IN ONE WHITE",USD 2.500,STK
"Processor: Intel® Core Ultra 7 processor 355 (Series 3), Memory: 32GB, 1x32GB, DDR5, 5600 MT/s RAM; Storage: 1TB PCIe® NVMe™ M.2 Solid State Drive, Video card: Integrated Intel® Graphics, Display: 27"" Touch, FHD 1920x1080 (60 to 100 Hz), WVA, TrueLife, 250 nit, 99% sRGB, Pen Support, 10/100/1000 Mbps RJ-45 Ethernet, Intel® Wi-Fi 7, BE213 (2x2), 802.11be, Bluetooth® 6.0 wireless card",,
"Windows 11 Home x64 bits, preinstalado.
 Dell Pro 5 Keyboard and Mouse - KM526 - US English - Light Ash",,
HP ALL IN ONE,,
"HP OmniStudio X (27-cw0054) 27"" FULL HD TOUCHSCREEN ALL IN ONE JET BLACK",USD 2.300,STK
"Processor: 4.6 gigahertz AMD Ryzen 7 4000 Series 445 (6-core), Memory: 16GB LPDDR5x 5600 MT/s RAM, Storage: 1TB PCIe® Gen4 NVMe™ M.2 Solid State Drive, Video Card: AMD Radeon 840M, Display: 27"" FHD (1920 x 1080), touch, IPS, three-sided micro-edge, anti-glare, 300 nits, 10/100/1000/2500 GbE NIC, Wi-Fi 7 (2x2) and Bluetooth 6.0 wireless card",,
"Windows 11 Home x64 bits, preinstalado.
 5 MP IR camera with temporal noise reduction, Integrated dual array digital microphones, HP 275C USB black wireless keyboard and mouse combo",,
"HP OmniStudio X (27-cy0127c) D2QL7AA#ABA 27"" FULL HD TOUCHSCREEN ALL IN ONE WHITE",USD 1.850,STK
"Processor: Intel® Core™ Ultra 5 325 (up to 4.5 GHz with Intel® Turbo boost Technology (8 cores), Memory: 16GB DDR5-5600 MT/s RAM, Storage: 1TB PCIe® NVMe™ M.2 SSD, Video Card: Integrated Intel® Graphics, Display: 27"" diagonal, FHD (1920 x 1080), touch, 75 Hz, WLED, IPS, anti-glare, Low Blue Light, 350 nits display, Realtek RTL8111HSH-CG GbE NIC, Wi-Fi 7 (2x2) + Bluetooth® 6.0 wireless card",,
"Windows 11 Home x64 bits, preinstalado.
 HP 1080p FHD IR camera with HDR auto switch and temporal noise reduction, HP 275C USB White Wireless Keyboard and Mouse Combo",,
"HP OmniStudio X (27-cx0044) 27"" QHD TOUCHSCREEN ALL IN ONE ECLIPSE GREY",USD 2.500,STK
"Processor: 4.7 gigahertz Intel Core Ultra 7 Series 356H (16-core), Memory: 16GB DDR5 MT/s RAM, Storage: 1TB PCIe® NVMe™ M.2 SSD, Copilot+ PC Video Card: Intel Graphics, Display: 27"" QHD (2560 x 1440) Neo LED, Wi-Fi 7 (2x2) and Bluetooth 6.0 wireless card",,
"Windows 11 Home x64 bits, preinstalado.
 HP 1080p FHD IR camera with HDR auto switch and temporal noise reduction, HP 675C multi-device USB gray wireless keyboard and mouse combo",,
"HP OMNISTUDIO (27-cy0077c) Copilot+ PC 27"" FULL HD TOUCHSCREEN ALL IN ONE WHITE",USD 2.800,STK
"Processor: Intel® Core™ Ultra 7 355 (up to 4.7 GHz with Intel® Turbo Boost Technology, 8 cores), Memory: 32GB DDR5-5600 MT/s RAM, Storage: 1TB PCIe® NVMe™ M.2 SSD, Video Card: Integrated Intel® Graphics, Display: 27"" FHD (1920 x 1080), touch, 75 Hz, WLED, IPS, anti-glare, Low Blue Light, 350 nits, Wi-Fi 7 (2x2) and Bluetooth® 6.0 wireless card, Realtek RTL8111HSH-CG GbE NIC, Rear: 2 USB 2.0 Type-A, 1 USB Type-A 10Gbps signaling rate, 2 USB Type-C® 20Gbps signaling rate, 1 HDMI 2.0b, 1 RJ-45, Headphone/MIC Combo Jack",,
"Windows 11 Home x64 bits, preinstalado.
 HP 1080p FHD IR camera with HDR auto switch and temporal noise reduction, Integrated dual array digital microphones",,
"HP OmniStudio X (32-C1014) B61VMAA#ABA 31,5"" 4K UHD ALL IN ONE METEOR SILVER",USD 2.900,ING
"Processor: Intel® Core™ Ultra 7 Processor 258V, up to 4.8GHz, (8-core) /8-Thread, 12MB Intel Smart Cache, Memory: 32GB LPDDR5X 8533 megahertz RAM, Storage: 1TB PCIe Gen 4 SSD, Video Card: Intel® ARC Graphics, Display: 31.5"" 4K UHD (3840 x 2160) LED IPS Anti-glare, Ethernet Wi-Fi 7, Bluetooth",,
"Windows 11 Home x64 bits, preinstalado.
 5 MP IR Camera with Temporal Noise Reduction, HP Meteor Silver Wireless Keyboard and Mouse
 Height Adjust Stand",,
LENOVO ALL IN ONE,,
"Lenovo IdeaCentre AIO 27"" (F0JD001VUS) 27"" FHD IPS LCD Touch-Screen All-In-One Luna Grey",USD 2.050,STK
"Processor: 2 gigahertz AMD Ryzen AI 330 Series, 4-core (quad-core), Memory: 16GB DDR5-5600 MT/s RAM, Storage: 512GB PCIe® NVMe™ M.2 SSD, Video Card: AMD Radeon 820M, Display: 27"" Full HD (1920 x 1080) LCD IPS TouchScreen Wi-Fi, Bluetooth, High Definition (HD) Audio by HARMAN",,
"Windows 11 Home x64 bits, preinstalado.
 Front Facing Camera 5 Megapixels, Built-In Microphone
 Wireless Keyboard and Mouse,",,
"Lenovo IdeaCentre AIO 27"" (F0JH0004US) 27"" 2K IPS LCD Touch-Screen All-In-One Luna Grey",USD 2.500,STK
"Processor: 2.3 gigahertz Intel Core Ultra 7 Series 355 (8-core), Memory: 16GB LPDDR5X 7467 megahertz RAM, Storage: 1TB PCIe® NVMe™ M.2 SSD, Video Card: Intel Graphics, Display: 27"" QHD (2560 x 1440) LCD IPS TouchScreen Wi-Fi, Bluetooth, High Definition (HD) Audio by HARMAN",,
"Windows 11 Home x64 bits, preinstalado.
 Front Facing Camera 5 Megapixels, Built-In Microphone
 Wireless Keyboard and Mouse,",,
"Lenovo Yoga AIO 32ILL10 (F0HX000MUS) 31.5"" 4K UHD IPS ALL IN ONE STONE GRAY",USD 2.700,STK
"Processor: Intel® Core™ Ultra 7 258V (LPE-cores up to 3.70 GHz P-cores up to 4.80 GHz / 32 GB MOP), Memory: 32GB LPDDR5X-8533MT/s RAM, Storage: 1TB SSD M.2 2280 PCIe Gen4 TLC, Display: 31.5"" UHD (3840 x 2160), IPS, Glare, Non-Touch, HDR 600, 97% DCI-P3, 495 nits, 60Hz, 3-side Borderless, Wi-Fi 7 2x2 BE 320MHz & Bluetooth® 5.4",,
Video Card: NVIDIA® GeForce RTX™ 4050 6GB GDDR6,,
"Windows 11 PRO x64 bits, preinstalado.
 5 MP IR Camera with Temporal Noise Reduction, HP Meteor Silver Wireless Keyboard and Mouse
 Height Adjust Stand",,
DELL MONITOR 4K,,
"DELL MONITOR Plus (S2725QS) 27"" 4K 3840 x 2160 120hz 16:9 Ash White",USD 890,ING
"DELL MONITOR Plus (S3225QS) 32"" 4K 3840 x 2160 120hz 16:9 Ash White",USD 1.020,STK
"4K monitor with up to 120Hz refresh rate and dual 5W speakers for elevated entertainment.
 2 HDMI ports (HDCP 1.4 and 2.2) (Supports up to UHD 3840 x 2160, 120 Hz, FRL, HDR, VRR as per specified in HDMI 2.1)
 1 DisplayPort 1.4 (HDCP 1.4 and 2.2) (Supports up to UHD 3840 x 2160, 120 Hz, HDR, VRR)",,
